# Blender 5.2.2 LTS
# www.blender.org
mtllib Kh47M2_Kinzhal.mtl
o Kh47M2_Booster
v -0.420000 0.000000 0.000000
v -0.411930 0.000000 0.081938
v -0.388029 0.000000 0.160727
v -0.349217 0.000000 0.233340
v -0.296985 0.000000 0.296985
v -0.233340 0.000000 0.349217
v -0.160727 0.000000 0.388029
v -0.081938 0.000000 0.411930
v -0.000000 0.000000 0.420000
v 0.081938 0.000000 0.411930
v 0.160727 0.000000 0.388029
v 0.233340 0.000000 0.349217
v 0.296985 0.000000 0.296985
v 0.349217 0.000000 0.233340
v 0.388029 0.000000 0.160727
v 0.411930 0.000000 0.081938
v 0.420000 0.000000 0.000000
v 0.411930 0.000000 -0.081938
v 0.388029 0.000000 -0.160727
v 0.349217 0.000000 -0.233340
v 0.296985 0.000000 -0.296985
v 0.233340 0.000000 -0.349217
v 0.160727 0.000000 -0.388029
v 0.081938 0.000000 -0.411930
v 0.000000 0.000000 -0.420000
v -0.081938 0.000000 -0.411930
v -0.160727 0.000000 -0.388029
v -0.233340 0.000000 -0.349217
v -0.296985 0.000000 -0.296985
v -0.349217 0.000000 -0.233340
v -0.388029 0.000000 -0.160727
v -0.411930 0.000000 -0.081938
v -0.445000 0.100000 0.000000
v -0.436449 0.100000 0.086815
v -0.411126 0.100000 0.170294
v -0.370004 0.100000 0.247229
v -0.314663 0.100000 0.314663
v -0.247229 0.100000 0.370004
v -0.170294 0.100000 0.411126
v -0.086815 0.100000 0.436449
v -0.000000 0.100000 0.445000
v 0.086815 0.100000 0.436449
v 0.170294 0.100000 0.411126
v 0.247229 0.100000 0.370004
v 0.314663 0.100000 0.314663
v 0.370004 0.100000 0.247229
v 0.411126 0.100000 0.170294
v 0.436449 0.100000 0.086815
v 0.445000 0.100000 0.000000
v 0.436449 0.100000 -0.086815
v 0.411126 0.100000 -0.170294
v 0.370004 0.100000 -0.247229
v 0.314663 0.100000 -0.314663
v 0.247229 0.100000 -0.370004
v 0.170294 0.100000 -0.411126
v 0.086815 0.100000 -0.436449
v 0.000000 0.100000 -0.445000
v -0.086815 0.100000 -0.436449
v -0.170294 0.100000 -0.411126
v -0.247229 0.100000 -0.370004
v -0.314663 0.100000 -0.314663
v -0.370004 0.100000 -0.247229
v -0.411126 0.100000 -0.170294
v -0.436449 0.100000 -0.086815
v -0.475000 0.220000 0.000000
v -0.465873 0.220000 0.092668
v -0.438843 0.220000 0.181775
v -0.394948 0.220000 0.263896
v -0.335876 0.220000 0.335876
v -0.263896 0.220000 0.394948
v -0.181775 0.220000 0.438843
v -0.092668 0.220000 0.465873
v -0.000000 0.220000 0.475000
v 0.092668 0.220000 0.465873
v 0.181775 0.220000 0.438843
v 0.263896 0.220000 0.394948
v 0.335876 0.220000 0.335876
v 0.394948 0.220000 0.263896
v 0.438843 0.220000 0.181775
v 0.465873 0.220000 0.092668
v 0.475000 0.220000 0.000000
v 0.465873 0.220000 -0.092668
v 0.438843 0.220000 -0.181775
v 0.394948 0.220000 -0.263896
v 0.335876 0.220000 -0.335876
v 0.263896 0.220000 -0.394948
v 0.181775 0.220000 -0.438843
v 0.092668 0.220000 -0.465873
v 0.000000 0.220000 -0.475000
v -0.092668 0.220000 -0.465873
v -0.181775 0.220000 -0.438843
v -0.263896 0.220000 -0.394948
v -0.335876 0.220000 -0.335876
v -0.394948 0.220000 -0.263896
v -0.438843 0.220000 -0.181775
v -0.465873 0.220000 -0.092668
v -0.495000 0.380000 0.000000
v -0.485489 0.380000 0.096570
v -0.457320 0.380000 0.189428
v -0.411577 0.380000 0.275007
v -0.350018 0.380000 0.350018
v -0.275007 0.380000 0.411577
v -0.189428 0.380000 0.457320
v -0.096570 0.380000 0.485489
v -0.000000 0.380000 0.495000
v 0.096570 0.380000 0.485489
v 0.189428 0.380000 0.457320
v 0.275007 0.380000 0.411577
v 0.350018 0.380000 0.350018
v 0.411577 0.380000 0.275007
v 0.457320 0.380000 0.189428
v 0.485489 0.380000 0.096570
v 0.495000 0.380000 0.000000
v 0.485489 0.380000 -0.096570
v 0.457320 0.380000 -0.189428
v 0.411577 0.380000 -0.275007
v 0.350018 0.380000 -0.350018
v 0.275007 0.380000 -0.411577
v 0.189428 0.380000 -0.457320
v 0.096570 0.380000 -0.485489
v 0.000000 0.380000 -0.495000
v -0.096570 0.380000 -0.485489
v -0.189428 0.380000 -0.457320
v -0.275007 0.380000 -0.411577
v -0.350018 0.380000 -0.350018
v -0.411577 0.380000 -0.275007
v -0.457320 0.380000 -0.189428
v -0.485489 0.380000 -0.096570
v -0.500000 0.500000 0.000000
v -0.490393 0.500000 0.097545
v -0.461940 0.500000 0.191342
v -0.415735 0.500000 0.277785
v -0.353553 0.500000 0.353553
v -0.277785 0.500000 0.415735
v -0.191342 0.500000 0.461940
v -0.097545 0.500000 0.490393
v -0.000000 0.500000 0.500000
v 0.097545 0.500000 0.490393
v 0.191342 0.500000 0.461940
v 0.277785 0.500000 0.415735
v 0.353553 0.500000 0.353553
v 0.415735 0.500000 0.277785
v 0.461940 0.500000 0.191342
v 0.490393 0.500000 0.097545
v 0.500000 0.500000 0.000000
v 0.490393 0.500000 -0.097545
v 0.461940 0.500000 -0.191342
v 0.415735 0.500000 -0.277785
v 0.353553 0.500000 -0.353553
v 0.277785 0.500000 -0.415735
v 0.191342 0.500000 -0.461940
v 0.097545 0.500000 -0.490393
v 0.000000 0.500000 -0.500000
v -0.097545 0.500000 -0.490393
v -0.191342 0.500000 -0.461940
v -0.277785 0.500000 -0.415735
v -0.353553 0.500000 -0.353553
v -0.415735 0.500000 -0.277785
v -0.461940 0.500000 -0.191342
v -0.490393 0.500000 -0.097545
v -0.500000 0.850000 0.000000
v -0.490393 0.850000 0.097545
v -0.461940 0.850000 0.191342
v -0.415735 0.850000 0.277785
v -0.353553 0.850000 0.353553
v -0.277785 0.850000 0.415735
v -0.191342 0.850000 0.461940
v -0.097545 0.850000 0.490393
v -0.000000 0.850000 0.500000
v 0.097545 0.850000 0.490393
v 0.191342 0.850000 0.461940
v 0.277785 0.850000 0.415735
v 0.353553 0.850000 0.353553
v 0.415735 0.850000 0.277785
v 0.461940 0.850000 0.191342
v 0.490393 0.850000 0.097545
v 0.500000 0.850000 0.000000
v 0.490393 0.850000 -0.097545
v 0.461940 0.850000 -0.191342
v 0.415735 0.850000 -0.277785
v 0.353553 0.850000 -0.353553
v 0.277785 0.850000 -0.415735
v 0.191342 0.850000 -0.461940
v 0.097545 0.850000 -0.490393
v 0.000000 0.850000 -0.500000
v -0.097545 0.850000 -0.490393
v -0.191342 0.850000 -0.461940
v -0.277785 0.850000 -0.415735
v -0.353553 0.850000 -0.353553
v -0.415735 0.850000 -0.277785
v -0.461940 0.850000 -0.191342
v -0.490393 0.850000 -0.097545
v -0.500000 1.500000 0.000000
v -0.490393 1.500000 0.097545
v -0.461940 1.500000 0.191342
v -0.415735 1.500000 0.277785
v -0.353553 1.500000 0.353553
v -0.277785 1.500000 0.415735
v -0.191342 1.500000 0.461940
v -0.097545 1.500000 0.490393
v -0.000000 1.500000 0.500000
v 0.097545 1.500000 0.490393
v 0.191342 1.500000 0.461940
v 0.277785 1.500000 0.415735
v 0.353553 1.500000 0.353553
v 0.415735 1.500000 0.277785
v 0.461940 1.500000 0.191342
v 0.490393 1.500000 0.097545
v 0.500000 1.500000 0.000000
v 0.490393 1.500000 -0.097545
v 0.461940 1.500000 -0.191342
v 0.415735 1.500000 -0.277785
v 0.353553 1.500000 -0.353553
v 0.277785 1.500000 -0.415735
v 0.191342 1.500000 -0.461940
v 0.097545 1.500000 -0.490393
v 0.000000 1.500000 -0.500000
v -0.097545 1.500000 -0.490393
v -0.191342 1.500000 -0.461940
v -0.277785 1.500000 -0.415735
v -0.353553 1.500000 -0.353553
v -0.415735 1.500000 -0.277785
v -0.461940 1.500000 -0.191342
v -0.490393 1.500000 -0.097545
v -0.500000 2.300000 0.000000
v -0.490393 2.300000 0.097545
v -0.461940 2.300000 0.191342
v -0.415735 2.300000 0.277785
v -0.353553 2.300000 0.353553
v -0.277785 2.300000 0.415735
v -0.191342 2.300000 0.461940
v -0.097545 2.300000 0.490393
v -0.000000 2.300000 0.500000
v 0.097545 2.300000 0.490393
v 0.191342 2.300000 0.461940
v 0.277785 2.300000 0.415735
v 0.353553 2.300000 0.353553
v 0.415735 2.300000 0.277785
v 0.461940 2.300000 0.191342
v 0.490393 2.300000 0.097545
v 0.500000 2.300000 0.000000
v 0.490393 2.300000 -0.097545
v 0.461940 2.300000 -0.191342
v 0.415735 2.300000 -0.277785
v 0.353553 2.300000 -0.353553
v 0.277785 2.300000 -0.415735
v 0.191342 2.300000 -0.461940
v 0.097545 2.300000 -0.490393
v 0.000000 2.300000 -0.500000
v -0.097545 2.300000 -0.490393
v -0.191342 2.300000 -0.461940
v -0.277785 2.300000 -0.415735
v -0.353553 2.300000 -0.353553
v -0.415735 2.300000 -0.277785
v -0.461940 2.300000 -0.191342
v -0.490393 2.300000 -0.097545
v -0.500000 3.200000 0.000000
v -0.490393 3.200000 0.097545
v -0.461940 3.200000 0.191342
v -0.415735 3.200000 0.277785
v -0.353553 3.200000 0.353553
v -0.277785 3.200000 0.415735
v -0.191342 3.200000 0.461940
v -0.097545 3.200000 0.490393
v -0.000000 3.200000 0.500000
v 0.097545 3.200000 0.490393
v 0.191342 3.200000 0.461940
v 0.277785 3.200000 0.415735
v 0.353553 3.200000 0.353553
v 0.415735 3.200000 0.277785
v 0.461940 3.200000 0.191342
v 0.490393 3.200000 0.097545
v 0.500000 3.200000 0.000000
v 0.490393 3.200000 -0.097545
v 0.461940 3.200000 -0.191342
v 0.415735 3.200000 -0.277785
v 0.353553 3.200000 -0.353553
v 0.277785 3.200000 -0.415735
v 0.191342 3.200000 -0.461940
v 0.097545 3.200000 -0.490393
v 0.000000 3.200000 -0.500000
v -0.097545 3.200000 -0.490393
v -0.191342 3.200000 -0.461940
v -0.277785 3.200000 -0.415735
v -0.353553 3.200000 -0.353553
v -0.415735 3.200000 -0.277785
v -0.461940 3.200000 -0.191342
v -0.490393 3.200000 -0.097545
v -0.500000 3.850000 0.000000
v -0.490393 3.850000 0.097545
v -0.461940 3.850000 0.191342
v -0.415735 3.850000 0.277785
v -0.353553 3.850000 0.353553
v -0.277785 3.850000 0.415735
v -0.191342 3.850000 0.461940
v -0.097545 3.850000 0.490393
v -0.000000 3.850000 0.500000
v 0.097545 3.850000 0.490393
v 0.191342 3.850000 0.461940
v 0.277785 3.850000 0.415735
v 0.353553 3.850000 0.353553
v 0.415735 3.850000 0.277785
v 0.461940 3.850000 0.191342
v 0.490393 3.850000 0.097545
v 0.500000 3.850000 0.000000
v 0.490393 3.850000 -0.097545
v 0.461940 3.850000 -0.191342
v 0.415735 3.850000 -0.277785
v 0.353553 3.850000 -0.353553
v 0.277785 3.850000 -0.415735
v 0.191342 3.850000 -0.461940
v 0.097545 3.850000 -0.490393
v 0.000000 3.850000 -0.500000
v -0.097545 3.850000 -0.490393
v -0.191342 3.850000 -0.461940
v -0.277785 3.850000 -0.415735
v -0.353553 3.850000 -0.353553
v -0.415735 3.850000 -0.277785
v -0.461940 3.850000 -0.191342
v -0.490393 3.850000 -0.097545
v -0.500000 3.900000 0.000000
v -0.490393 3.900000 0.097545
v -0.461940 3.900000 0.191342
v -0.415735 3.900000 0.277785
v -0.353553 3.900000 0.353553
v -0.277785 3.900000 0.415735
v -0.191342 3.900000 0.461940
v -0.097545 3.900000 0.490393
v -0.000000 3.900000 0.500000
v 0.097545 3.900000 0.490393
v 0.191342 3.900000 0.461940
v 0.277785 3.900000 0.415735
v 0.353553 3.900000 0.353553
v 0.415735 3.900000 0.277785
v 0.461940 3.900000 0.191342
v 0.490393 3.900000 0.097545
v 0.500000 3.900000 0.000000
v 0.490393 3.900000 -0.097545
v 0.461940 3.900000 -0.191342
v 0.415735 3.900000 -0.277785
v 0.353553 3.900000 -0.353553
v 0.277785 3.900000 -0.415735
v 0.191342 3.900000 -0.461940
v 0.097545 3.900000 -0.490393
v 0.000000 3.900000 -0.500000
v -0.097545 3.900000 -0.490393
v -0.191342 3.900000 -0.461940
v -0.277785 3.900000 -0.415735
v -0.353553 3.900000 -0.353553
v -0.415735 3.900000 -0.277785
v -0.461940 3.900000 -0.191342
v -0.490393 3.900000 -0.097545
v -0.490000 4.250000 0.000000
v -0.480585 4.250000 0.095594
v -0.452701 4.250000 0.187515
v -0.407420 4.250000 0.272229
v -0.346482 4.250000 0.346482
v -0.272229 4.250000 0.407420
v -0.187515 4.250000 0.452701
v -0.095594 4.250000 0.480585
v -0.000000 4.250000 0.490000
v 0.095594 4.250000 0.480585
v 0.187515 4.250000 0.452701
v 0.272229 4.250000 0.407420
v 0.346482 4.250000 0.346482
v 0.407420 4.250000 0.272229
v 0.452701 4.250000 0.187515
v 0.480585 4.250000 0.095594
v 0.490000 4.250000 0.000000
v 0.480585 4.250000 -0.095594
v 0.452701 4.250000 -0.187515
v 0.407420 4.250000 -0.272229
v 0.346482 4.250000 -0.346482
v 0.272229 4.250000 -0.407420
v 0.187515 4.250000 -0.452701
v 0.095594 4.250000 -0.480585
v 0.000000 4.250000 -0.490000
v -0.095594 4.250000 -0.480585
v -0.187515 4.250000 -0.452701
v -0.272229 4.250000 -0.407420
v -0.346482 4.250000 -0.346482
v -0.407420 4.250000 -0.272229
v -0.452701 4.250000 -0.187515
v -0.480585 4.250000 -0.095594
v -0.480000 4.400000 0.000000
v -0.470777 4.400000 0.093643
v -0.443462 4.400000 0.183688
v -0.399105 4.400000 0.266674
v -0.339411 4.400000 0.339411
v -0.266674 4.400000 0.399105
v -0.183688 4.400000 0.443462
v -0.093643 4.400000 0.470777
v -0.000000 4.400000 0.480000
v 0.093643 4.400000 0.470777
v 0.183688 4.400000 0.443462
v 0.266674 4.400000 0.399105
v 0.339411 4.400000 0.339411
v 0.399105 4.400000 0.266674
v 0.443462 4.400000 0.183688
v 0.470777 4.400000 0.093643
v 0.480000 4.400000 0.000000
v 0.470777 4.400000 -0.093643
v 0.443462 4.400000 -0.183688
v 0.399105 4.400000 -0.266674
v 0.339411 4.400000 -0.339411
v 0.266674 4.400000 -0.399105
v 0.183688 4.400000 -0.443462
v 0.093643 4.400000 -0.470777
v 0.000000 4.400000 -0.480000
v -0.093643 4.400000 -0.470777
v -0.183688 4.400000 -0.443462
v -0.266674 4.400000 -0.399105
v -0.339411 4.400000 -0.339411
v -0.399105 4.400000 -0.266674
v -0.443462 4.400000 -0.183688
v -0.470777 4.400000 -0.093643
v -0.450000 4.400000 0.000000
v -0.441353 4.400000 0.087791
v -0.415746 4.400000 0.172208
v -0.374161 4.400000 0.250007
v -0.318198 4.400000 0.318198
v -0.250007 4.400000 0.374161
v -0.172208 4.400000 0.415746
v -0.087791 4.400000 0.441353
v -0.000000 4.400000 0.450000
v 0.087791 4.400000 0.441353
v 0.172208 4.400000 0.415746
v 0.250007 4.400000 0.374161
v 0.318198 4.400000 0.318198
v 0.374161 4.400000 0.250007
v 0.415746 4.400000 0.172208
v 0.441353 4.400000 0.087791
v 0.450000 4.400000 0.000000
v 0.441353 4.400000 -0.087791
v 0.415746 4.400000 -0.172208
v 0.374161 4.400000 -0.250007
v 0.318198 4.400000 -0.318198
v 0.250007 4.400000 -0.374161
v 0.172208 4.400000 -0.415746
v 0.087791 4.400000 -0.441353
v 0.000000 4.400000 -0.450000
v -0.087791 4.400000 -0.441353
v -0.172208 4.400000 -0.415746
v -0.250007 4.400000 -0.374161
v -0.318198 4.400000 -0.318198
v -0.374161 4.400000 -0.250007
v -0.415746 4.400000 -0.172208
v -0.441353 4.400000 -0.087791
v -0.445000 4.350000 0.000000
v -0.436449 4.350000 0.086815
v -0.411126 4.350000 0.170294
v -0.370004 4.350000 0.247229
v -0.314663 4.350000 0.314663
v -0.247229 4.350000 0.370004
v -0.170294 4.350000 0.411126
v -0.086815 4.350000 0.436449
v -0.000000 4.350000 0.445000
v 0.086815 4.350000 0.436449
v 0.170294 4.350000 0.411126
v 0.247229 4.350000 0.370004
v 0.314663 4.350000 0.314663
v 0.370004 4.350000 0.247229
v 0.411126 4.350000 0.170294
v 0.436449 4.350000 0.086815
v 0.445000 4.350000 0.000000
v 0.436449 4.350000 -0.086815
v 0.411126 4.350000 -0.170294
v 0.370004 4.350000 -0.247229
v 0.314663 4.350000 -0.314663
v 0.247229 4.350000 -0.370004
v 0.170294 4.350000 -0.411126
v 0.086815 4.350000 -0.436449
v 0.000000 4.350000 -0.445000
v -0.086815 4.350000 -0.436449
v -0.170294 4.350000 -0.411126
v -0.247229 4.350000 -0.370004
v -0.314663 4.350000 -0.314663
v -0.370004 4.350000 -0.247229
v -0.411126 4.350000 -0.170294
v -0.436449 4.350000 -0.086815
v -0.440000 4.000000 0.000000
v -0.431546 4.000000 0.085840
v -0.406507 4.000000 0.168381
v -0.365847 4.000000 0.244451
v -0.311127 4.000000 0.311127
v -0.244451 4.000000 0.365847
v -0.168381 4.000000 0.406507
v -0.085840 4.000000 0.431546
v -0.000000 4.000000 0.440000
v 0.085840 4.000000 0.431546
v 0.168381 4.000000 0.406507
v 0.244451 4.000000 0.365847
v 0.311127 4.000000 0.311127
v 0.365847 4.000000 0.244451
v 0.406507 4.000000 0.168381
v 0.431546 4.000000 0.085840
v 0.440000 4.000000 0.000000
v 0.431546 4.000000 -0.085840
v 0.406507 4.000000 -0.168381
v 0.365847 4.000000 -0.244451
v 0.311127 4.000000 -0.311127
v 0.244451 4.000000 -0.365847
v 0.168381 4.000000 -0.406507
v 0.085840 4.000000 -0.431546
v 0.000000 4.000000 -0.440000
v -0.085840 4.000000 -0.431546
v -0.168381 4.000000 -0.406507
v -0.244451 4.000000 -0.365847
v -0.311127 4.000000 -0.311127
v -0.365847 4.000000 -0.244451
v -0.406507 4.000000 -0.168381
v -0.431546 4.000000 -0.085840
v -0.435000 3.750000 0.000000
v -0.426642 3.750000 0.084864
v -0.401888 3.750000 0.166467
v -0.361689 3.750000 0.241673
v -0.307591 3.750000 0.307591
v -0.241673 3.750000 0.361689
v -0.166467 3.750000 0.401888
v -0.084864 3.750000 0.426642
v -0.000000 3.750000 0.435000
v 0.084864 3.750000 0.426642
v 0.166467 3.750000 0.401888
v 0.241673 3.750000 0.361689
v 0.307591 3.750000 0.307591
v 0.361689 3.750000 0.241673
v 0.401888 3.750000 0.166467
v 0.426642 3.750000 0.084864
v 0.435000 3.750000 0.000000
v 0.426642 3.750000 -0.084864
v 0.401888 3.750000 -0.166467
v 0.361689 3.750000 -0.241673
v 0.307591 3.750000 -0.307591
v 0.241673 3.750000 -0.361689
v 0.166467 3.750000 -0.401888
v 0.084864 3.750000 -0.426642
v 0.000000 3.750000 -0.435000
v -0.084864 3.750000 -0.426642
v -0.166467 3.750000 -0.401888
v -0.241673 3.750000 -0.361689
v -0.307591 3.750000 -0.307591
v -0.361689 3.750000 -0.241673
v -0.401888 3.750000 -0.166467
v -0.426642 3.750000 -0.084864
v 0.000000 3.750000 0.000000
v -0.380000 0.000000 0.000000
v -0.372698 0.000000 0.074134
v -0.351074 0.000000 0.145420
v -0.315958 0.000000 0.211117
v -0.268701 0.000000 0.268701
v -0.211117 0.000000 0.315958
v -0.145420 0.000000 0.351074
v -0.074134 0.000000 0.372698
v -0.000000 0.000000 0.380000
v 0.074134 0.000000 0.372698
v 0.145420 0.000000 0.351074
v 0.211117 0.000000 0.315958
v 0.268701 0.000000 0.268701
v 0.315958 0.000000 0.211117
v 0.351074 0.000000 0.145420
v 0.372698 0.000000 0.074134
v 0.380000 0.000000 0.000000
v 0.372698 0.000000 -0.074134
v 0.351074 0.000000 -0.145420
v 0.315958 0.000000 -0.211117
v 0.268701 0.000000 -0.268701
v 0.211117 0.000000 -0.315958
v 0.145420 0.000000 -0.351074
v 0.074134 0.000000 -0.372698
v 0.000000 0.000000 -0.380000
v -0.074134 0.000000 -0.372698
v -0.145420 0.000000 -0.351074
v -0.211117 0.000000 -0.315958
v -0.268701 0.000000 -0.268701
v -0.315958 0.000000 -0.211117
v -0.351074 0.000000 -0.145420
v -0.372698 0.000000 -0.074134
v -0.300000 0.040000 0.000000
v -0.294236 0.040000 0.058527
v -0.277164 0.040000 0.114805
v -0.249441 0.040000 0.166671
v -0.212132 0.040000 0.212132
v -0.166671 0.040000 0.249441
v -0.114805 0.040000 0.277164
v -0.058527 0.040000 0.294236
v -0.000000 0.040000 0.300000
v 0.058527 0.040000 0.294236
v 0.114805 0.040000 0.277164
v 0.166671 0.040000 0.249441
v 0.212132 0.040000 0.212132
v 0.249441 0.040000 0.166671
v 0.277164 0.040000 0.114805
v 0.294236 0.040000 0.058527
v 0.300000 0.040000 0.000000
v 0.294236 0.040000 -0.058527
v 0.277164 0.040000 -0.114805
v 0.249441 0.040000 -0.166671
v 0.212132 0.040000 -0.212132
v 0.166671 0.040000 -0.249441
v 0.114805 0.040000 -0.277164
v 0.058527 0.040000 -0.294236
v 0.000000 0.040000 -0.300000
v -0.058527 0.040000 -0.294236
v -0.114805 0.040000 -0.277164
v -0.166671 0.040000 -0.249441
v -0.212132 0.040000 -0.212132
v -0.249441 0.040000 -0.166671
v -0.277164 0.040000 -0.114805
v -0.294236 0.040000 -0.058527
v -0.220000 0.200000 0.000000
v -0.215773 0.200000 0.042920
v -0.203253 0.200000 0.084190
v -0.182923 0.200000 0.122225
v -0.155563 0.200000 0.155563
v -0.122225 0.200000 0.182923
v -0.084190 0.200000 0.203253
v -0.042920 0.200000 0.215773
v -0.000000 0.200000 0.220000
v 0.042920 0.200000 0.215773
v 0.084190 0.200000 0.203253
v 0.122225 0.200000 0.182923
v 0.155563 0.200000 0.155563
v 0.182923 0.200000 0.122225
v 0.203253 0.200000 0.084190
v 0.215773 0.200000 0.042920
v 0.220000 0.200000 0.000000
v 0.215773 0.200000 -0.042920
v 0.203253 0.200000 -0.084190
v 0.182923 0.200000 -0.122225
v 0.155563 0.200000 -0.155563
v 0.122225 0.200000 -0.182923
v 0.084190 0.200000 -0.203253
v 0.042920 0.200000 -0.215773
v 0.000000 0.200000 -0.220000
v -0.042920 0.200000 -0.215773
v -0.084190 0.200000 -0.203253
v -0.122225 0.200000 -0.182923
v -0.155563 0.200000 -0.155563
v -0.182923 0.200000 -0.122225
v -0.203253 0.200000 -0.084190
v -0.215773 0.200000 -0.042920
v -0.170000 0.380000 0.000000
v -0.166734 0.380000 0.033165
v -0.157060 0.380000 0.065056
v -0.141350 0.380000 0.094447
v -0.120208 0.380000 0.120208
v -0.094447 0.380000 0.141350
v -0.065056 0.380000 0.157060
v -0.033165 0.380000 0.166734
v -0.000000 0.380000 0.170000
v 0.033165 0.380000 0.166734
v 0.065056 0.380000 0.157060
v 0.094447 0.380000 0.141350
v 0.120208 0.380000 0.120208
v 0.141350 0.380000 0.094447
v 0.157060 0.380000 0.065056
v 0.166734 0.380000 0.033165
v 0.170000 0.380000 0.000000
v 0.166734 0.380000 -0.033165
v 0.157060 0.380000 -0.065056
v 0.141350 0.380000 -0.094447
v 0.120208 0.380000 -0.120208
v 0.094447 0.380000 -0.141350
v 0.065056 0.380000 -0.157060
v 0.033165 0.380000 -0.166734
v 0.000000 0.380000 -0.170000
v -0.033165 0.380000 -0.166734
v -0.065056 0.380000 -0.157060
v -0.094447 0.380000 -0.141350
v -0.120208 0.380000 -0.120208
v -0.141350 0.380000 -0.094447
v -0.157060 0.380000 -0.065056
v -0.166734 0.380000 -0.033165
v -0.180000 0.480000 0.000000
v -0.176541 0.480000 0.035116
v -0.166298 0.480000 0.068883
v -0.149665 0.480000 0.100003
v -0.127279 0.480000 0.127279
v -0.100003 0.480000 0.149665
v -0.068883 0.480000 0.166298
v -0.035116 0.480000 0.176541
v -0.000000 0.480000 0.180000
v 0.035116 0.480000 0.176541
v 0.068883 0.480000 0.166298
v 0.100003 0.480000 0.149665
v 0.127279 0.480000 0.127279
v 0.149665 0.480000 0.100003
v 0.166298 0.480000 0.068883
v 0.176541 0.480000 0.035116
v 0.180000 0.480000 0.000000
v 0.176541 0.480000 -0.035116
v 0.166298 0.480000 -0.068883
v 0.149665 0.480000 -0.100003
v 0.127279 0.480000 -0.127279
v 0.100003 0.480000 -0.149665
v 0.068883 0.480000 -0.166298
v 0.035116 0.480000 -0.176541
v 0.000000 0.480000 -0.180000
v -0.035116 0.480000 -0.176541
v -0.068883 0.480000 -0.166298
v -0.100003 0.480000 -0.149665
v -0.127279 0.480000 -0.127279
v -0.149665 0.480000 -0.100003
v -0.166298 0.480000 -0.068883
v -0.176541 0.480000 -0.035116
v 0.000000 0.480000 0.000000
v 0.045000 0.930000 0.500000
v 0.036000 0.930000 0.538000
v -0.036000 0.930000 0.538000
v -0.045000 0.930000 0.500000
v 0.045000 3.770000 0.500000
v 0.036000 3.770000 0.538000
v -0.036000 3.770000 0.538000
v -0.045000 3.770000 0.500000
v 0.000000 0.850000 0.500000
v 0.000000 3.850000 0.500000
v -0.498000 0.800000 0.013000
v -0.498000 0.800000 -0.013000
v -0.440000 0.100000 0.013000
v -0.440000 0.100000 -0.013000
v -0.940000 0.450000 0.005200
v -0.940000 0.450000 -0.005200
v -0.940000 0.120000 0.005200
v -0.940000 0.120000 -0.005200
v 0.013000 0.800000 0.498000
v -0.013000 0.800000 0.498000
v 0.013000 0.100000 0.440000
v -0.013000 0.100000 0.440000
v 0.005200 0.450000 0.940000
v -0.005200 0.450000 0.940000
v 0.005200 0.120000 0.940000
v -0.005200 0.120000 0.940000
v 0.498000 0.800000 -0.013000
v 0.498000 0.800000 0.013000
v 0.440000 0.100000 -0.013000
v 0.440000 0.100000 0.013000
v 0.940000 0.450000 -0.005200
v 0.940000 0.450000 0.005200
v 0.940000 0.120000 -0.005200
v 0.940000 0.120000 0.005200
v -0.013000 0.800000 -0.498000
v 0.013000 0.800000 -0.498000
v -0.013000 0.100000 -0.440000
v 0.013000 0.100000 -0.440000
v -0.005200 0.450000 -0.940000
v 0.005200 0.450000 -0.940000
v -0.005200 0.120000 -0.940000
v 0.005200 0.120000 -0.940000
v -0.352139 1.550000 0.352139
v -0.346482 1.250000 0.357796
v -0.357796 1.250000 0.346482
v -0.435578 1.250000 0.441235
v -0.441235 1.250000 0.435578
v 0.352139 1.550000 0.352139
v 0.357796 1.250000 0.346482
v 0.346482 1.250000 0.357796
v 0.441235 1.250000 0.435578
v 0.435578 1.250000 0.441235
v 0.352139 1.550000 -0.352139
v 0.346482 1.250000 -0.357796
v 0.357796 1.250000 -0.346482
v 0.435578 1.250000 -0.441235
v 0.441235 1.250000 -0.435578
v -0.352139 1.550000 -0.352139
v -0.357796 1.250000 -0.346482
v -0.346482 1.250000 -0.357796
v -0.441235 1.250000 -0.435578
v -0.435578 1.250000 -0.441235
vn -0.6382 -0.7699 -0.0000
vn -0.6259 -0.7699 0.1245
vn -0.5896 -0.7699 0.2442
vn -0.5306 -0.7699 0.3546
vn -0.4513 -0.7699 0.4513
vn -0.3546 -0.7699 0.5306
vn -0.2442 -0.7699 0.5896
vn -0.1245 -0.7699 0.6259
vn -0.0000 -0.7699 0.6382
vn 0.1245 -0.7699 0.6259
vn 0.2442 -0.7699 0.5896
vn 0.3546 -0.7699 0.5306
vn 0.4513 -0.7699 0.4513
vn 0.5306 -0.7699 0.3546
vn 0.5896 -0.7699 0.2442
vn 0.6259 -0.7699 0.1245
vn 0.6382 -0.7699 -0.0000
vn 0.6259 -0.7699 -0.1245
vn 0.5896 -0.7699 -0.2442
vn 0.5306 -0.7699 -0.3546
vn 0.4513 -0.7699 -0.4513
vn 0.3546 -0.7699 -0.5306
vn 0.2442 -0.7699 -0.5896
vn 0.1245 -0.7699 -0.6259
vn -0.0000 -0.7699 -0.6382
vn -0.1245 -0.7699 -0.6259
vn -0.2442 -0.7699 -0.5896
vn -0.3546 -0.7699 -0.5306
vn -0.4513 -0.7699 -0.4513
vn -0.5306 -0.7699 -0.3546
vn -0.5896 -0.7699 -0.2442
vn -0.6259 -0.7699 -0.1245
vn -0.9701 -0.2425 -0.0000
vn -0.9515 -0.2425 0.1893
vn -0.8963 -0.2425 0.3713
vn -0.8066 -0.2425 0.5390
vn -0.6860 -0.2425 0.6860
vn -0.5390 -0.2425 0.8066
vn -0.3713 -0.2425 0.8963
vn -0.1893 -0.2425 0.9515
vn -0.0000 -0.2425 0.9701
vn 0.1893 -0.2425 0.9515
vn 0.3713 -0.2425 0.8963
vn 0.5390 -0.2425 0.8066
vn 0.6860 -0.2425 0.6860
vn 0.8066 -0.2425 0.5390
vn 0.8963 -0.2425 0.3713
vn 0.9515 -0.2425 0.1893
vn 0.9701 -0.2425 -0.0000
vn 0.9515 -0.2425 -0.1893
vn 0.8963 -0.2425 -0.3713
vn 0.8066 -0.2425 -0.5390
vn 0.6860 -0.2425 -0.6860
vn 0.5390 -0.2425 -0.8066
vn 0.3713 -0.2425 -0.8963
vn 0.1893 -0.2425 -0.9515
vn -0.0000 -0.2425 -0.9701
vn -0.1893 -0.2425 -0.9515
vn -0.3713 -0.2425 -0.8963
vn -0.5390 -0.2425 -0.8066
vn -0.6860 -0.2425 -0.6860
vn -0.8066 -0.2425 -0.5390
vn -0.8963 -0.2425 -0.3713
vn -0.9515 -0.2425 -0.1893
vn -0.9831 -0.1829 -0.0000
vn -0.9642 -0.1829 0.1918
vn -0.9083 -0.1829 0.3762
vn -0.8174 -0.1829 0.5462
vn -0.6952 -0.1829 0.6952
vn -0.5462 -0.1829 0.8174
vn -0.3762 -0.1829 0.9083
vn -0.1918 -0.1829 0.9642
vn -0.0000 -0.1829 0.9831
vn 0.1918 -0.1829 0.9642
vn 0.3762 -0.1829 0.9083
vn 0.5462 -0.1829 0.8174
vn 0.6952 -0.1829 0.6952
vn 0.8174 -0.1829 0.5462
vn 0.9083 -0.1829 0.3762
vn 0.9642 -0.1829 0.1918
vn 0.9831 -0.1829 -0.0000
vn 0.9642 -0.1829 -0.1918
vn 0.9083 -0.1829 -0.3762
vn 0.8174 -0.1829 -0.5462
vn 0.6952 -0.1829 -0.6952
vn 0.5462 -0.1829 -0.8174
vn 0.3762 -0.1829 -0.9083
vn 0.1918 -0.1829 -0.9642
vn -0.0000 -0.1829 -0.9831
vn -0.1918 -0.1829 -0.9642
vn -0.3762 -0.1829 -0.9083
vn -0.5462 -0.1829 -0.8174
vn -0.6952 -0.1829 -0.6952
vn -0.8174 -0.1829 -0.5462
vn -0.9083 -0.1829 -0.3762
vn -0.9642 -0.1829 -0.1918
vn -0.9966 -0.0827 -0.0000
vn -0.9774 -0.0827 0.1944
vn -0.9207 -0.0827 0.3814
vn -0.8286 -0.0827 0.5537
vn -0.7047 -0.0827 0.7047
vn -0.5537 -0.0827 0.8286
vn -0.3814 -0.0827 0.9207
vn -0.1944 -0.0827 0.9774
vn -0.0000 -0.0827 0.9966
vn 0.1944 -0.0827 0.9774
vn 0.3814 -0.0827 0.9207
vn 0.5537 -0.0827 0.8286
vn 0.7047 -0.0827 0.7047
vn 0.8286 -0.0827 0.5537
vn 0.9207 -0.0827 0.3814
vn 0.9774 -0.0827 0.1944
vn 0.9966 -0.0827 -0.0000
vn 0.9774 -0.0827 -0.1944
vn 0.9207 -0.0827 -0.3814
vn 0.8286 -0.0827 -0.5537
vn 0.7047 -0.0827 -0.7047
vn 0.5537 -0.0827 -0.8286
vn 0.3814 -0.0827 -0.9207
vn 0.1944 -0.0827 -0.9774
vn -0.0000 -0.0827 -0.9966
vn -0.1944 -0.0827 -0.9774
vn -0.3814 -0.0827 -0.9207
vn -0.5537 -0.0827 -0.8286
vn -0.7047 -0.0827 -0.7047
vn -0.8286 -0.0827 -0.5537
vn -0.9207 -0.0827 -0.3814
vn -0.9774 -0.0827 -0.1944
vn -0.9998 -0.0208 -0.0000
vn -0.9806 -0.0208 0.1950
vn -0.9237 -0.0208 0.3826
vn -0.8313 -0.0208 0.5555
vn -0.7070 -0.0208 0.7070
vn -0.5555 -0.0208 0.8313
vn -0.3826 -0.0208 0.9237
vn -0.1950 -0.0208 0.9806
vn -0.0000 -0.0208 0.9998
vn 0.1950 -0.0208 0.9806
vn 0.3826 -0.0208 0.9237
vn 0.5555 -0.0208 0.8313
vn 0.7070 -0.0208 0.7070
vn 0.8313 -0.0208 0.5555
vn 0.9237 -0.0208 0.3826
vn 0.9806 -0.0208 0.1950
vn 0.9998 -0.0208 -0.0000
vn 0.9806 -0.0208 -0.1950
vn 0.9237 -0.0208 -0.3826
vn 0.8313 -0.0208 -0.5555
vn 0.7070 -0.0208 -0.7070
vn 0.5555 -0.0208 -0.8313
vn 0.3826 -0.0208 -0.9237
vn 0.1950 -0.0208 -0.9806
vn -0.0000 -0.0208 -0.9998
vn -0.1950 -0.0208 -0.9806
vn -0.3826 -0.0208 -0.9237
vn -0.5555 -0.0208 -0.8313
vn -0.7070 -0.0208 -0.7070
vn -0.8313 -0.0208 -0.5555
vn -0.9237 -0.0208 -0.3826
vn -0.9806 -0.0208 -0.1950
vn -1.0000 -0.0000 -0.0000
vn -0.9808 -0.0000 0.1951
vn -0.9239 -0.0000 0.3827
vn -0.8315 -0.0000 0.5556
vn -0.7071 -0.0000 0.7071
vn -0.5556 -0.0000 0.8315
vn -0.3827 -0.0000 0.9239
vn -0.1951 -0.0000 0.9808
vn -0.0000 -0.0000 1.0000
vn 0.1951 -0.0000 0.9808
vn 0.3827 -0.0000 0.9239
vn 0.5556 -0.0000 0.8315
vn 0.7071 -0.0000 0.7071
vn 0.8315 -0.0000 0.5556
vn 0.9239 -0.0000 0.3827
vn 0.9808 -0.0000 0.1951
vn 1.0000 -0.0000 -0.0000
vn 0.9808 -0.0000 -0.1951
vn 0.9239 -0.0000 -0.3827
vn 0.8315 -0.0000 -0.5556
vn 0.7071 -0.0000 -0.7071
vn 0.5556 -0.0000 -0.8315
vn 0.3827 -0.0000 -0.9239
vn 0.1951 -0.0000 -0.9808
vn -0.0000 -0.0000 -1.0000
vn -0.1951 -0.0000 -0.9808
vn -0.3827 -0.0000 -0.9239
vn -0.5556 -0.0000 -0.8315
vn -0.7071 -0.0000 -0.7071
vn -0.8315 -0.0000 -0.5556
vn -0.9239 -0.0000 -0.3827
vn -0.9808 -0.0000 -0.1951
vn -0.9999 0.0143 -0.0000
vn -0.9807 0.0143 0.1951
vn -0.9238 0.0143 0.3826
vn -0.8314 0.0143 0.5555
vn -0.7070 0.0143 0.7070
vn -0.5555 0.0143 0.8314
vn -0.3826 0.0143 0.9238
vn -0.1951 0.0143 0.9807
vn -0.0000 0.0143 0.9999
vn 0.1951 0.0143 0.9807
vn 0.3826 0.0143 0.9238
vn 0.5555 0.0143 0.8314
vn 0.7070 0.0143 0.7070
vn 0.8314 0.0143 0.5555
vn 0.9238 0.0143 0.3826
vn 0.9807 0.0143 0.1951
vn 0.9999 0.0143 -0.0000
vn 0.9807 0.0143 -0.1951
vn 0.9238 0.0143 -0.3826
vn 0.8314 0.0143 -0.5555
vn 0.7070 0.0143 -0.7070
vn 0.5555 0.0143 -0.8314
vn 0.3826 0.0143 -0.9238
vn 0.1951 0.0143 -0.9807
vn -0.0000 0.0143 -0.9999
vn -0.1951 0.0143 -0.9807
vn -0.3826 0.0143 -0.9238
vn -0.5555 0.0143 -0.8314
vn -0.7070 0.0143 -0.7070
vn -0.8314 0.0143 -0.5555
vn -0.9238 0.0143 -0.3826
vn -0.9807 0.0143 -0.1951
vn -0.9989 0.0475 -0.0000
vn -0.9797 0.0475 0.1949
vn -0.9228 0.0475 0.3823
vn -0.8305 0.0475 0.5549
vn -0.7063 0.0475 0.7063
vn -0.5549 0.0475 0.8305
vn -0.3823 0.0475 0.9228
vn -0.1949 0.0475 0.9797
vn -0.0000 0.0475 0.9989
vn 0.1949 0.0475 0.9797
vn 0.3823 0.0475 0.9228
vn 0.5549 0.0475 0.8305
vn 0.7063 0.0475 0.7063
vn 0.8305 0.0475 0.5549
vn 0.9228 0.0475 0.3823
vn 0.9797 0.0475 0.1949
vn 0.9989 0.0475 -0.0000
vn 0.9797 0.0475 -0.1949
vn 0.9228 0.0475 -0.3823
vn 0.8305 0.0475 -0.5549
vn 0.7063 0.0475 -0.7063
vn 0.5549 0.0475 -0.8305
vn 0.3823 0.0475 -0.9228
vn 0.1949 0.0475 -0.9797
vn -0.0000 0.0475 -0.9989
vn -0.1949 0.0475 -0.9797
vn -0.3823 0.0475 -0.9228
vn -0.5549 0.0475 -0.8305
vn -0.7063 0.0475 -0.7063
vn -0.8305 0.0475 -0.5549
vn -0.9228 0.0475 -0.3823
vn -0.9797 0.0475 -0.1949
vn -0.7047 0.7095 -0.0000
vn -0.6911 0.7095 0.1375
vn -0.6510 0.7095 0.2697
vn -0.5859 0.7095 0.3915
vn -0.4983 0.7095 0.4983
vn -0.3915 0.7095 0.5859
vn -0.2697 0.7095 0.6510
vn -0.1375 0.7095 0.6911
vn -0.0000 0.7095 0.7047
vn 0.1375 0.7095 0.6911
vn 0.2697 0.7095 0.6510
vn 0.3915 0.7095 0.5859
vn 0.4983 0.7095 0.4983
vn 0.5859 0.7095 0.3915
vn 0.6510 0.7095 0.2697
vn 0.6911 0.7095 0.1375
vn 0.7047 0.7095 -0.0000
vn 0.6911 0.7095 -0.1375
vn 0.6510 0.7095 -0.2697
vn 0.5859 0.7095 -0.3915
vn 0.4983 0.7095 -0.4983
vn 0.3915 0.7095 -0.5859
vn 0.2697 0.7095 -0.6510
vn 0.1375 0.7095 -0.6911
vn -0.0000 0.7095 -0.7047
vn -0.1375 0.7095 -0.6911
vn -0.2697 0.7095 -0.6510
vn -0.3915 0.7095 -0.5859
vn -0.4983 0.7095 -0.4983
vn -0.5859 0.7095 -0.3915
vn -0.6510 0.7095 -0.2697
vn -0.6911 0.7095 -0.1375
vn 0.6467 0.7628 -0.0000
vn 0.6342 0.7628 -0.1262
vn 0.5974 0.7628 -0.2475
vn 0.5377 0.7628 -0.3593
vn 0.4573 0.7628 -0.4573
vn 0.3593 0.7628 -0.5377
vn 0.2475 0.7628 -0.5974
vn 0.1262 0.7628 -0.6342
vn -0.0000 0.7628 -0.6467
vn -0.1262 0.7628 -0.6342
vn -0.2475 0.7628 -0.5974
vn -0.3593 0.7628 -0.5377
vn -0.4573 0.7628 -0.4573
vn -0.5377 0.7628 -0.3593
vn -0.5974 0.7628 -0.2475
vn -0.6342 0.7628 -0.1262
vn -0.6467 0.7628 -0.0000
vn -0.6342 0.7628 0.1262
vn -0.5974 0.7628 0.2475
vn -0.5377 0.7628 0.3593
vn -0.4573 0.7628 0.4573
vn -0.3593 0.7628 0.5377
vn -0.2475 0.7628 0.5974
vn -0.1262 0.7628 0.6342
vn -0.0000 0.7628 0.6467
vn 0.1262 0.7628 0.6342
vn 0.2475 0.7628 0.5974
vn 0.3593 0.7628 0.5377
vn 0.4573 0.7628 0.4573
vn 0.5377 0.7628 0.3593
vn 0.5974 0.7628 0.2475
vn 0.6342 0.7628 0.1262
vn 0.9984 0.0571 -0.0000
vn 0.9792 0.0571 -0.1948
vn 0.9224 0.0571 -0.3821
vn 0.8301 0.0571 -0.5547
vn 0.7060 0.0571 -0.7060
vn 0.5547 0.0571 -0.8301
vn 0.3821 0.0571 -0.9224
vn 0.1948 0.0571 -0.9792
vn -0.0000 0.0571 -0.9984
vn -0.1948 0.0571 -0.9792
vn -0.3821 0.0571 -0.9224
vn -0.5547 0.0571 -0.8301
vn -0.7060 0.0571 -0.7060
vn -0.8301 0.0571 -0.5547
vn -0.9224 0.0571 -0.3821
vn -0.9792 0.0571 -0.1948
vn -0.9984 0.0571 -0.0000
vn -0.9792 0.0571 0.1948
vn -0.9224 0.0571 0.3821
vn -0.8301 0.0571 0.5547
vn -0.7060 0.0571 0.7060
vn -0.5547 0.0571 0.8301
vn -0.3821 0.0571 0.9224
vn -0.1948 0.0571 0.9792
vn -0.0000 0.0571 0.9984
vn 0.1948 0.0571 0.9792
vn 0.3821 0.0571 0.9224
vn 0.5547 0.0571 0.8301
vn 0.7060 0.0571 0.7060
vn 0.8301 0.0571 0.5547
vn 0.9224 0.0571 0.3821
vn 0.9792 0.0571 0.1948
vn 0.9999 0.0171 -0.0000
vn 0.9806 0.0171 -0.1951
vn 0.9237 0.0171 -0.3826
vn 0.8313 0.0171 -0.5555
vn 0.7070 0.0171 -0.7070
vn 0.5555 0.0171 -0.8313
vn 0.3826 0.0171 -0.9237
vn 0.1951 0.0171 -0.9806
vn -0.0000 0.0171 -0.9999
vn -0.1951 0.0171 -0.9806
vn -0.3826 0.0171 -0.9237
vn -0.5555 0.0171 -0.8313
vn -0.7070 0.0171 -0.7070
vn -0.8313 0.0171 -0.5555
vn -0.9237 0.0171 -0.3826
vn -0.9806 0.0171 -0.1951
vn -0.9999 0.0171 -0.0000
vn -0.9806 0.0171 0.1951
vn -0.9237 0.0171 0.3826
vn -0.8313 0.0171 0.5555
vn -0.7070 0.0171 0.7070
vn -0.5555 0.0171 0.8313
vn -0.3826 0.0171 0.9237
vn -0.1951 0.0171 0.9806
vn -0.0000 0.0171 0.9999
vn 0.1951 0.0171 0.9806
vn 0.3826 0.0171 0.9237
vn 0.5555 0.0171 0.8313
vn 0.7070 0.0171 0.7070
vn 0.8313 0.0171 0.5555
vn 0.9237 0.0171 0.3826
vn 0.9806 0.0171 0.1951
vn 0.7210 0.6929 -0.0000
vn 0.7071 0.6929 -0.1407
vn 0.6661 0.6929 -0.2759
vn 0.5995 0.6929 -0.4006
vn 0.5098 0.6929 -0.5098
vn 0.4006 0.6929 -0.5995
vn 0.2759 0.6929 -0.6661
vn 0.1407 0.6929 -0.7071
vn -0.0000 0.6929 -0.7210
vn -0.1407 0.6929 -0.7071
vn -0.2759 0.6929 -0.6661
vn -0.4006 0.6929 -0.5995
vn -0.5098 0.6929 -0.5098
vn -0.5995 0.6929 -0.4006
vn -0.6661 0.6929 -0.2759
vn -0.7071 0.6929 -0.1407
vn -0.7210 0.6929 -0.0000
vn -0.7071 0.6929 0.1407
vn -0.6661 0.6929 0.2759
vn -0.5995 0.6929 0.4006
vn -0.5098 0.6929 0.5098
vn -0.4006 0.6929 0.5995
vn -0.2759 0.6929 0.6661
vn -0.1407 0.6929 0.7071
vn -0.0000 0.6929 0.7210
vn 0.1407 0.6929 0.7071
vn 0.2759 0.6929 0.6661
vn 0.4006 0.6929 0.5995
vn 0.5098 0.6929 0.5098
vn 0.5995 0.6929 0.4006
vn 0.6661 0.6929 0.2759
vn 0.7071 0.6929 0.1407
vn -0.0000 1.0000 -0.0000
vn 0.2161 -0.9764 -0.0000
vn 0.2119 -0.9764 -0.0422
vn 0.1996 -0.9764 -0.0827
vn 0.1797 -0.9764 -0.1200
vn 0.1528 -0.9764 -0.1528
vn 0.1200 -0.9764 -0.1797
vn 0.0827 -0.9764 -0.1996
vn 0.0422 -0.9764 -0.2119
vn -0.0000 -0.9764 -0.2161
vn -0.0422 -0.9764 -0.2119
vn -0.0827 -0.9764 -0.1996
vn -0.1200 -0.9764 -0.1797
vn -0.1528 -0.9764 -0.1528
vn -0.1797 -0.9764 -0.1200
vn -0.1996 -0.9764 -0.0827
vn -0.2119 -0.9764 -0.0422
vn -0.2161 -0.9764 -0.0000
vn -0.2119 -0.9764 0.0422
vn -0.1996 -0.9764 0.0827
vn -0.1797 -0.9764 0.1200
vn -0.1528 -0.9764 0.1528
vn -0.1200 -0.9764 0.1797
vn -0.0827 -0.9764 0.1996
vn -0.0422 -0.9764 0.2119
vn -0.0000 -0.9764 0.2161
vn 0.0422 -0.9764 0.2119
vn 0.0827 -0.9764 0.1996
vn 0.1200 -0.9764 0.1797
vn 0.1528 -0.9764 0.1528
vn 0.1797 -0.9764 0.1200
vn 0.1996 -0.9764 0.0827
vn 0.2119 -0.9764 0.0422
vn 0.6970 -0.7171 -0.0000
vn 0.6836 -0.7171 -0.1360
vn 0.6439 -0.7171 -0.2667
vn 0.5795 -0.7171 -0.3872
vn 0.4928 -0.7171 -0.4928
vn 0.3872 -0.7171 -0.5795
vn 0.2667 -0.7171 -0.6439
vn 0.1360 -0.7171 -0.6836
vn -0.0000 -0.7171 -0.6970
vn -0.1360 -0.7171 -0.6836
vn -0.2667 -0.7171 -0.6439
vn -0.3872 -0.7171 -0.5795
vn -0.4928 -0.7171 -0.4928
vn -0.5795 -0.7171 -0.3872
vn -0.6439 -0.7171 -0.2667
vn -0.6836 -0.7171 -0.1360
vn -0.6970 -0.7171 -0.0000
vn -0.6836 -0.7171 0.1360
vn -0.6439 -0.7171 0.2667
vn -0.5795 -0.7171 0.3872
vn -0.4928 -0.7171 0.4928
vn -0.3872 -0.7171 0.5795
vn -0.2667 -0.7171 0.6439
vn -0.1360 -0.7171 0.6836
vn -0.0000 -0.7171 0.6970
vn 0.1360 -0.7171 0.6836
vn 0.2667 -0.7171 0.6439
vn 0.3872 -0.7171 0.5795
vn 0.4928 -0.7171 0.4928
vn 0.5795 -0.7171 0.3872
vn 0.6439 -0.7171 0.2667
vn 0.6836 -0.7171 0.1360
vn 0.9325 -0.3611 -0.0000
vn 0.9146 -0.3611 -0.1819
vn 0.8615 -0.3611 -0.3569
vn 0.7754 -0.3611 -0.5181
vn 0.6594 -0.3611 -0.6594
vn 0.5181 -0.3611 -0.7754
vn 0.3569 -0.3611 -0.8615
vn 0.1819 -0.3611 -0.9146
vn -0.0000 -0.3611 -0.9325
vn -0.1819 -0.3611 -0.9146
vn -0.3569 -0.3611 -0.8615
vn -0.5181 -0.3611 -0.7754
vn -0.6594 -0.3611 -0.6594
vn -0.7754 -0.3611 -0.5181
vn -0.8615 -0.3611 -0.3569
vn -0.9146 -0.3611 -0.1819
vn -0.9325 -0.3611 -0.0000
vn -0.9146 -0.3611 0.1819
vn -0.8615 -0.3611 0.3569
vn -0.7754 -0.3611 0.5181
vn -0.6594 -0.3611 0.6594
vn -0.5181 -0.3611 0.7754
vn -0.3569 -0.3611 0.8615
vn -0.1819 -0.3611 0.9146
vn -0.0000 -0.3611 0.9325
vn 0.1819 -0.3611 0.9146
vn 0.3569 -0.3611 0.8615
vn 0.5181 -0.3611 0.7754
vn 0.6594 -0.3611 0.6594
vn 0.7754 -0.3611 0.5181
vn 0.8615 -0.3611 0.3569
vn 0.9146 -0.3611 0.1819
vn 0.9962 -0.0865 -0.0000
vn 0.9771 -0.0865 -0.1944
vn 0.9204 -0.0865 -0.3812
vn 0.8284 -0.0865 -0.5535
vn 0.7045 -0.0865 -0.7045
vn 0.5535 -0.0865 -0.8284
vn 0.3812 -0.0865 -0.9204
vn 0.1944 -0.0865 -0.9771
vn -0.0000 -0.0865 -0.9962
vn -0.1944 -0.0865 -0.9771
vn -0.3812 -0.0865 -0.9204
vn -0.5535 -0.0865 -0.8284
vn -0.7045 -0.0865 -0.7045
vn -0.8284 -0.0865 -0.5535
vn -0.9204 -0.0865 -0.3812
vn -0.9771 -0.0865 -0.1944
vn -0.9962 -0.0865 -0.0000
vn -0.9771 -0.0865 0.1944
vn -0.9204 -0.0865 0.3812
vn -0.8284 -0.0865 0.5535
vn -0.7045 -0.0865 0.7045
vn -0.5535 -0.0865 0.8284
vn -0.3812 -0.0865 0.9204
vn -0.1944 -0.0865 0.9771
vn -0.0000 -0.0865 0.9962
vn 0.1944 -0.0865 0.9771
vn 0.3812 -0.0865 0.9204
vn 0.5535 -0.0865 0.8284
vn 0.7045 -0.0865 0.7045
vn 0.8284 -0.0865 0.5535
vn 0.9204 -0.0865 0.3812
vn 0.9771 -0.0865 0.1944
vn 0.7610 -0.6488 -0.0000
vn 0.7463 -0.6488 -0.1485
vn 0.7030 -0.6488 -0.2912
vn 0.6327 -0.6488 -0.4228
vn 0.5381 -0.6488 -0.5381
vn 0.4228 -0.6488 -0.6327
vn 0.2912 -0.6488 -0.7030
vn 0.1485 -0.6488 -0.7463
vn -0.0000 -0.6488 -0.7610
vn -0.1485 -0.6488 -0.7463
vn -0.2912 -0.6488 -0.7030
vn -0.4228 -0.6488 -0.6327
vn -0.5381 -0.6488 -0.5381
vn -0.6327 -0.6488 -0.4228
vn -0.7030 -0.6488 -0.2912
vn -0.7463 -0.6488 -0.1485
vn -0.7610 -0.6488 -0.0000
vn -0.7463 -0.6488 0.1485
vn -0.7030 -0.6488 0.2912
vn -0.6327 -0.6488 0.4228
vn -0.5381 -0.6488 0.5381
vn -0.4228 -0.6488 0.6327
vn -0.2912 -0.6488 0.7030
vn -0.1485 -0.6488 0.7463
vn -0.0000 -0.6488 0.7610
vn 0.1485 -0.6488 0.7463
vn 0.2912 -0.6488 0.7030
vn 0.4228 -0.6488 0.6327
vn 0.5381 -0.6488 0.5381
vn 0.6327 -0.6488 0.4228
vn 0.7030 -0.6488 0.2912
vn 0.7463 -0.6488 0.1485
vn -0.0000 -1.0000 -0.0000
vn 0.9450 -0.2385 0.2238
vn 0.6038 -0.2583 0.7541
vn -0.6038 -0.2583 0.7541
vn -0.9450 -0.2385 0.2238
vn 0.9450 0.2385 0.2238
vn 0.6038 0.2583 0.7541
vn -0.6038 0.2583 0.7541
vn -0.9450 0.2385 0.2238
vn -0.0000 -0.6457 0.7636
vn -0.0000 0.6457 0.7636
vn -0.5312 0.6595 0.5318
vn -0.5312 0.6595 -0.5318
vn -0.0403 -0.7313 0.6809
vn -0.0403 -0.7313 -0.6809
vn -0.7113 0.3405 0.6150
vn -0.7113 0.3405 -0.6150
vn -0.5919 -0.5656 0.5742
vn -0.5919 -0.5656 -0.5742
vn 0.5318 0.6595 0.5312
vn -0.5318 0.6595 0.5312
vn 0.6809 -0.7313 0.0403
vn -0.6809 -0.7313 0.0403
vn 0.6150 0.3405 0.7113
vn -0.6150 0.3405 0.7113
vn 0.5742 -0.5656 0.5919
vn -0.5742 -0.5656 0.5919
vn 0.5312 0.6595 -0.5318
vn 0.5312 0.6595 0.5318
vn 0.0403 -0.7313 -0.6809
vn 0.0403 -0.7313 0.6809
vn 0.7113 0.3405 -0.6150
vn 0.7113 0.3405 0.6150
vn 0.5919 -0.5656 -0.5742
vn 0.5919 -0.5656 0.5742
vn -0.5318 0.6595 -0.5312
vn 0.5318 0.6595 -0.5312
vn -0.6809 -0.7313 -0.0403
vn 0.6809 -0.7313 -0.0403
vn -0.6150 0.3405 -0.7113
vn 0.6150 0.3405 -0.7113
vn -0.5742 -0.5656 -0.5919
vn 0.5742 -0.5656 -0.5919
vn -0.6009 0.5271 0.6009
vn 0.4947 -0.6900 0.5283
vn -0.5283 -0.6900 -0.4947
vn -0.0987 -0.4607 0.8820
vn -0.8820 -0.4607 0.0987
vn 0.6009 0.5271 0.6009
vn 0.5283 -0.6900 -0.4947
vn -0.4947 -0.6900 0.5283
vn 0.8820 -0.4607 0.0987
vn 0.0987 -0.4607 0.8820
vn 0.6009 0.5271 -0.6009
vn -0.4947 -0.6900 -0.5283
vn 0.5283 -0.6900 0.4947
vn 0.0987 -0.4607 -0.8820
vn 0.8820 -0.4607 -0.0987
vn -0.6009 0.5271 -0.6009
vn -0.5283 -0.6900 0.4947
vn 0.4947 -0.6900 -0.5283
vn -0.8820 -0.4607 -0.0987
vn -0.0987 -0.4607 -0.8820
vt 0.000000 0.050000
vt 0.015000 0.050000
vt 0.015000 0.070000
vt 0.000000 0.070000
vt 0.030000 0.050000
vt 0.030000 0.070000
vt 0.045000 0.050000
vt 0.045000 0.070000
vt 0.060000 0.050000
vt 0.060000 0.070000
vt 0.075000 0.050000
vt 0.075000 0.070000
vt 0.090000 0.050000
vt 0.090000 0.070000
vt 0.105000 0.050000
vt 0.105000 0.070000
vt 0.120000 0.050000
vt 0.120000 0.070000
vt 0.135000 0.050000
vt 0.135000 0.070000
vt 0.150000 0.050000
vt 0.150000 0.070000
vt 0.165000 0.050000
vt 0.165000 0.070000
vt 0.180000 0.050000
vt 0.180000 0.070000
vt 0.195000 0.050000
vt 0.195000 0.070000
vt 0.210000 0.050000
vt 0.210000 0.070000
vt 0.225000 0.050000
vt 0.225000 0.070000
vt 0.240000 0.050000
vt 0.240000 0.070000
vt 0.255000 0.050000
vt 0.255000 0.070000
vt 0.270000 0.050000
vt 0.270000 0.070000
vt 0.285000 0.050000
vt 0.285000 0.070000
vt 0.300000 0.050000
vt 0.300000 0.070000
vt 0.315000 0.050000
vt 0.315000 0.070000
vt 0.330000 0.050000
vt 0.330000 0.070000
vt 0.345000 0.050000
vt 0.345000 0.070000
vt 0.360000 0.050000
vt 0.360000 0.070000
vt 0.375000 0.050000
vt 0.375000 0.070000
vt 0.390000 0.050000
vt 0.390000 0.070000
vt 0.405000 0.050000
vt 0.405000 0.070000
vt 0.420000 0.050000
vt 0.420000 0.070000
vt 0.435000 0.050000
vt 0.435000 0.070000
vt 0.450000 0.050000
vt 0.450000 0.070000
vt 0.465000 0.050000
vt 0.465000 0.070000
vt 0.480000 0.050000
vt 0.480000 0.070000
vt 0.015000 0.090000
vt 0.000000 0.090000
vt 0.030000 0.090000
vt 0.045000 0.090000
vt 0.060000 0.090000
vt 0.075000 0.090000
vt 0.090000 0.090000
vt 0.105000 0.090000
vt 0.120000 0.090000
vt 0.135000 0.090000
vt 0.150000 0.090000
vt 0.165000 0.090000
vt 0.180000 0.090000
vt 0.195000 0.090000
vt 0.210000 0.090000
vt 0.225000 0.090000
vt 0.240000 0.090000
vt 0.255000 0.090000
vt 0.270000 0.090000
vt 0.285000 0.090000
vt 0.300000 0.090000
vt 0.315000 0.090000
vt 0.330000 0.090000
vt 0.345000 0.090000
vt 0.360000 0.090000
vt 0.375000 0.090000
vt 0.390000 0.090000
vt 0.405000 0.090000
vt 0.420000 0.090000
vt 0.435000 0.090000
vt 0.450000 0.090000
vt 0.465000 0.090000
vt 0.480000 0.090000
vt 0.015000 0.110000
vt 0.000000 0.110000
vt 0.030000 0.110000
vt 0.045000 0.110000
vt 0.060000 0.110000
vt 0.075000 0.110000
vt 0.090000 0.110000
vt 0.105000 0.110000
vt 0.120000 0.110000
vt 0.135000 0.110000
vt 0.150000 0.110000
vt 0.165000 0.110000
vt 0.180000 0.110000
vt 0.195000 0.110000
vt 0.210000 0.110000
vt 0.225000 0.110000
vt 0.240000 0.110000
vt 0.255000 0.110000
vt 0.270000 0.110000
vt 0.285000 0.110000
vt 0.300000 0.110000
vt 0.315000 0.110000
vt 0.330000 0.110000
vt 0.345000 0.110000
vt 0.360000 0.110000
vt 0.375000 0.110000
vt 0.390000 0.110000
vt 0.405000 0.110000
vt 0.420000 0.110000
vt 0.435000 0.110000
vt 0.450000 0.110000
vt 0.465000 0.110000
vt 0.480000 0.110000
vt 0.015000 0.140000
vt 0.000000 0.140000
vt 0.030000 0.140000
vt 0.045000 0.140000
vt 0.060000 0.140000
vt 0.075000 0.140000
vt 0.090000 0.140000
vt 0.105000 0.140000
vt 0.120000 0.140000
vt 0.135000 0.140000
vt 0.150000 0.140000
vt 0.165000 0.140000
vt 0.180000 0.140000
vt 0.195000 0.140000
vt 0.210000 0.140000
vt 0.225000 0.140000
vt 0.240000 0.140000
vt 0.255000 0.140000
vt 0.270000 0.140000
vt 0.285000 0.140000
vt 0.300000 0.140000
vt 0.315000 0.140000
vt 0.330000 0.140000
vt 0.345000 0.140000
vt 0.360000 0.140000
vt 0.375000 0.140000
vt 0.390000 0.140000
vt 0.405000 0.140000
vt 0.420000 0.140000
vt 0.435000 0.140000
vt 0.450000 0.140000
vt 0.465000 0.140000
vt 0.480000 0.140000
vt 0.015000 0.240000
vt 0.000000 0.240000
vt 0.030000 0.240000
vt 0.045000 0.240000
vt 0.060000 0.240000
vt 0.075000 0.240000
vt 0.090000 0.240000
vt 0.105000 0.240000
vt 0.120000 0.240000
vt 0.135000 0.240000
vt 0.150000 0.240000
vt 0.165000 0.240000
vt 0.180000 0.240000
vt 0.195000 0.240000
vt 0.210000 0.240000
vt 0.225000 0.240000
vt 0.240000 0.240000
vt 0.255000 0.240000
vt 0.270000 0.240000
vt 0.285000 0.240000
vt 0.300000 0.240000
vt 0.315000 0.240000
vt 0.330000 0.240000
vt 0.345000 0.240000
vt 0.360000 0.240000
vt 0.375000 0.240000
vt 0.390000 0.240000
vt 0.405000 0.240000
vt 0.420000 0.240000
vt 0.435000 0.240000
vt 0.450000 0.240000
vt 0.465000 0.240000
vt 0.480000 0.240000
vt 0.015000 0.380000
vt 0.000000 0.380000
vt 0.030000 0.380000
vt 0.045000 0.380000
vt 0.060000 0.380000
vt 0.075000 0.380000
vt 0.090000 0.380000
vt 0.105000 0.380000
vt 0.120000 0.380000
vt 0.135000 0.380000
vt 0.150000 0.380000
vt 0.165000 0.380000
vt 0.180000 0.380000
vt 0.195000 0.380000
vt 0.210000 0.380000
vt 0.225000 0.380000
vt 0.240000 0.380000
vt 0.255000 0.380000
vt 0.270000 0.380000
vt 0.285000 0.380000
vt 0.300000 0.380000
vt 0.315000 0.380000
vt 0.330000 0.380000
vt 0.345000 0.380000
vt 0.360000 0.380000
vt 0.375000 0.380000
vt 0.390000 0.380000
vt 0.405000 0.380000
vt 0.420000 0.380000
vt 0.435000 0.380000
vt 0.450000 0.380000
vt 0.465000 0.380000
vt 0.480000 0.380000
vt 0.015000 0.520000
vt 0.000000 0.520000
vt 0.030000 0.520000
vt 0.045000 0.520000
vt 0.060000 0.520000
vt 0.075000 0.520000
vt 0.090000 0.520000
vt 0.105000 0.520000
vt 0.120000 0.520000
vt 0.135000 0.520000
vt 0.150000 0.520000
vt 0.165000 0.520000
vt 0.180000 0.520000
vt 0.195000 0.520000
vt 0.210000 0.520000
vt 0.225000 0.520000
vt 0.240000 0.520000
vt 0.255000 0.520000
vt 0.270000 0.520000
vt 0.285000 0.520000
vt 0.300000 0.520000
vt 0.315000 0.520000
vt 0.330000 0.520000
vt 0.345000 0.520000
vt 0.360000 0.520000
vt 0.375000 0.520000
vt 0.390000 0.520000
vt 0.405000 0.520000
vt 0.420000 0.520000
vt 0.435000 0.520000
vt 0.450000 0.520000
vt 0.465000 0.520000
vt 0.480000 0.520000
vt 0.015000 0.680000
vt 0.000000 0.680000
vt 0.030000 0.680000
vt 0.045000 0.680000
vt 0.060000 0.680000
vt 0.075000 0.680000
vt 0.090000 0.680000
vt 0.105000 0.680000
vt 0.120000 0.680000
vt 0.135000 0.680000
vt 0.150000 0.680000
vt 0.165000 0.680000
vt 0.180000 0.680000
vt 0.195000 0.680000
vt 0.210000 0.680000
vt 0.225000 0.680000
vt 0.240000 0.680000
vt 0.255000 0.680000
vt 0.270000 0.680000
vt 0.285000 0.680000
vt 0.300000 0.680000
vt 0.315000 0.680000
vt 0.330000 0.680000
vt 0.345000 0.680000
vt 0.360000 0.680000
vt 0.375000 0.680000
vt 0.390000 0.680000
vt 0.405000 0.680000
vt 0.420000 0.680000
vt 0.435000 0.680000
vt 0.450000 0.680000
vt 0.465000 0.680000
vt 0.480000 0.680000
vt 0.015000 0.800000
vt 0.000000 0.800000
vt 0.030000 0.800000
vt 0.045000 0.800000
vt 0.060000 0.800000
vt 0.075000 0.800000
vt 0.090000 0.800000
vt 0.105000 0.800000
vt 0.120000 0.800000
vt 0.135000 0.800000
vt 0.150000 0.800000
vt 0.165000 0.800000
vt 0.180000 0.800000
vt 0.195000 0.800000
vt 0.210000 0.800000
vt 0.225000 0.800000
vt 0.240000 0.800000
vt 0.255000 0.800000
vt 0.270000 0.800000
vt 0.285000 0.800000
vt 0.300000 0.800000
vt 0.315000 0.800000
vt 0.330000 0.800000
vt 0.345000 0.800000
vt 0.360000 0.800000
vt 0.375000 0.800000
vt 0.390000 0.800000
vt 0.405000 0.800000
vt 0.420000 0.800000
vt 0.435000 0.800000
vt 0.450000 0.800000
vt 0.465000 0.800000
vt 0.480000 0.800000
vt 0.015000 0.820000
vt 0.000000 0.820000
vt 0.030000 0.820000
vt 0.045000 0.820000
vt 0.060000 0.820000
vt 0.075000 0.820000
vt 0.090000 0.820000
vt 0.105000 0.820000
vt 0.120000 0.820000
vt 0.135000 0.820000
vt 0.150000 0.820000
vt 0.165000 0.820000
vt 0.180000 0.820000
vt 0.195000 0.820000
vt 0.210000 0.820000
vt 0.225000 0.820000
vt 0.240000 0.820000
vt 0.255000 0.820000
vt 0.270000 0.820000
vt 0.285000 0.820000
vt 0.300000 0.820000
vt 0.315000 0.820000
vt 0.330000 0.820000
vt 0.345000 0.820000
vt 0.360000 0.820000
vt 0.375000 0.820000
vt 0.390000 0.820000
vt 0.405000 0.820000
vt 0.420000 0.820000
vt 0.435000 0.820000
vt 0.450000 0.820000
vt 0.465000 0.820000
vt 0.480000 0.820000
vt 0.015000 0.880000
vt 0.000000 0.880000
vt 0.030000 0.880000
vt 0.045000 0.880000
vt 0.060000 0.880000
vt 0.075000 0.880000
vt 0.090000 0.880000
vt 0.105000 0.880000
vt 0.120000 0.880000
vt 0.135000 0.880000
vt 0.150000 0.880000
vt 0.165000 0.880000
vt 0.180000 0.880000
vt 0.195000 0.880000
vt 0.210000 0.880000
vt 0.225000 0.880000
vt 0.240000 0.880000
vt 0.255000 0.880000
vt 0.270000 0.880000
vt 0.285000 0.880000
vt 0.300000 0.880000
vt 0.315000 0.880000
vt 0.330000 0.880000
vt 0.345000 0.880000
vt 0.360000 0.880000
vt 0.375000 0.880000
vt 0.390000 0.880000
vt 0.405000 0.880000
vt 0.420000 0.880000
vt 0.435000 0.880000
vt 0.450000 0.880000
vt 0.465000 0.880000
vt 0.480000 0.880000
vt 0.015000 0.920000
vt 0.000000 0.920000
vt 0.030000 0.920000
vt 0.045000 0.920000
vt 0.060000 0.920000
vt 0.075000 0.920000
vt 0.090000 0.920000
vt 0.105000 0.920000
vt 0.120000 0.920000
vt 0.135000 0.920000
vt 0.150000 0.920000
vt 0.165000 0.920000
vt 0.180000 0.920000
vt 0.195000 0.920000
vt 0.210000 0.920000
vt 0.225000 0.920000
vt 0.240000 0.920000
vt 0.255000 0.920000
vt 0.270000 0.920000
vt 0.285000 0.920000
vt 0.300000 0.920000
vt 0.315000 0.920000
vt 0.330000 0.920000
vt 0.345000 0.920000
vt 0.360000 0.920000
vt 0.375000 0.920000
vt 0.390000 0.920000
vt 0.405000 0.920000
vt 0.420000 0.920000
vt 0.435000 0.920000
vt 0.450000 0.920000
vt 0.465000 0.920000
vt 0.480000 0.920000
vt 0.015000 0.925000
vt 0.000000 0.925000
vt 0.030000 0.925000
vt 0.045000 0.925000
vt 0.060000 0.925000
vt 0.075000 0.925000
vt 0.090000 0.925000
vt 0.105000 0.925000
vt 0.120000 0.925000
vt 0.135000 0.925000
vt 0.150000 0.925000
vt 0.165000 0.925000
vt 0.180000 0.925000
vt 0.195000 0.925000
vt 0.210000 0.925000
vt 0.225000 0.925000
vt 0.240000 0.925000
vt 0.255000 0.925000
vt 0.270000 0.925000
vt 0.285000 0.925000
vt 0.300000 0.925000
vt 0.315000 0.925000
vt 0.330000 0.925000
vt 0.345000 0.925000
vt 0.360000 0.925000
vt 0.375000 0.925000
vt 0.390000 0.925000
vt 0.405000 0.925000
vt 0.420000 0.925000
vt 0.435000 0.925000
vt 0.450000 0.925000
vt 0.465000 0.925000
vt 0.480000 0.925000
vt 0.015000 0.930000
vt 0.000000 0.930000
vt 0.030000 0.930000
vt 0.045000 0.930000
vt 0.060000 0.930000
vt 0.075000 0.930000
vt 0.090000 0.930000
vt 0.105000 0.930000
vt 0.120000 0.930000
vt 0.135000 0.930000
vt 0.150000 0.930000
vt 0.165000 0.930000
vt 0.180000 0.930000
vt 0.195000 0.930000
vt 0.210000 0.930000
vt 0.225000 0.930000
vt 0.240000 0.930000
vt 0.255000 0.930000
vt 0.270000 0.930000
vt 0.285000 0.930000
vt 0.300000 0.930000
vt 0.315000 0.930000
vt 0.330000 0.930000
vt 0.345000 0.930000
vt 0.360000 0.930000
vt 0.375000 0.930000
vt 0.390000 0.930000
vt 0.405000 0.930000
vt 0.420000 0.930000
vt 0.435000 0.930000
vt 0.450000 0.930000
vt 0.465000 0.930000
vt 0.480000 0.930000
vt 0.015000 0.940000
vt 0.000000 0.940000
vt 0.030000 0.940000
vt 0.045000 0.940000
vt 0.060000 0.940000
vt 0.075000 0.940000
vt 0.090000 0.940000
vt 0.105000 0.940000
vt 0.120000 0.940000
vt 0.135000 0.940000
vt 0.150000 0.940000
vt 0.165000 0.940000
vt 0.180000 0.940000
vt 0.195000 0.940000
vt 0.210000 0.940000
vt 0.225000 0.940000
vt 0.240000 0.940000
vt 0.255000 0.940000
vt 0.270000 0.940000
vt 0.285000 0.940000
vt 0.300000 0.940000
vt 0.315000 0.940000
vt 0.330000 0.940000
vt 0.345000 0.940000
vt 0.360000 0.940000
vt 0.375000 0.940000
vt 0.390000 0.940000
vt 0.405000 0.940000
vt 0.420000 0.940000
vt 0.435000 0.940000
vt 0.450000 0.940000
vt 0.465000 0.940000
vt 0.480000 0.940000
vt 0.015000 0.948000
vt 0.000000 0.948000
vt 0.030000 0.948000
vt 0.045000 0.948000
vt 0.060000 0.948000
vt 0.075000 0.948000
vt 0.090000 0.948000
vt 0.105000 0.948000
vt 0.120000 0.948000
vt 0.135000 0.948000
vt 0.150000 0.948000
vt 0.165000 0.948000
vt 0.180000 0.948000
vt 0.195000 0.948000
vt 0.210000 0.948000
vt 0.225000 0.948000
vt 0.240000 0.948000
vt 0.255000 0.948000
vt 0.270000 0.948000
vt 0.285000 0.948000
vt 0.300000 0.948000
vt 0.315000 0.948000
vt 0.330000 0.948000
vt 0.345000 0.948000
vt 0.360000 0.948000
vt 0.375000 0.948000
vt 0.390000 0.948000
vt 0.405000 0.948000
vt 0.420000 0.948000
vt 0.435000 0.948000
vt 0.450000 0.948000
vt 0.465000 0.948000
vt 0.480000 0.948000
vt 0.007500 0.950000
vt 0.022500 0.950000
vt 0.037500 0.950000
vt 0.052500 0.950000
vt 0.067500 0.950000
vt 0.082500 0.950000
vt 0.097500 0.950000
vt 0.112500 0.950000
vt 0.127500 0.950000
vt 0.142500 0.950000
vt 0.157500 0.950000
vt 0.172500 0.950000
vt 0.187500 0.950000
vt 0.202500 0.950000
vt 0.217500 0.950000
vt 0.232500 0.950000
vt 0.247500 0.950000
vt 0.262500 0.950000
vt 0.277500 0.950000
vt 0.292500 0.950000
vt 0.307500 0.950000
vt 0.322500 0.950000
vt 0.337500 0.950000
vt 0.352500 0.950000
vt 0.367500 0.950000
vt 0.382500 0.950000
vt 0.397500 0.950000
vt 0.412500 0.950000
vt 0.427500 0.950000
vt 0.442500 0.950000
vt 0.457500 0.950000
vt 0.472500 0.950000
vt 0.880000 0.050000
vt 0.980000 0.050000
vt 0.980000 0.060000
vt 0.880000 0.060000
vt 0.883125 0.050000
vt 0.880000 0.070000
vt 0.883125 0.070000
vt 0.886250 0.050000
vt 0.886250 0.070000
vt 0.889375 0.050000
vt 0.889375 0.070000
vt 0.892500 0.050000
vt 0.892500 0.070000
vt 0.895625 0.050000
vt 0.895625 0.070000
vt 0.898750 0.050000
vt 0.898750 0.070000
vt 0.901875 0.050000
vt 0.901875 0.070000
vt 0.905000 0.050000
vt 0.905000 0.070000
vt 0.908125 0.050000
vt 0.908125 0.070000
vt 0.911250 0.050000
vt 0.911250 0.070000
vt 0.914375 0.050000
vt 0.914375 0.070000
vt 0.917500 0.050000
vt 0.917500 0.070000
vt 0.920625 0.050000
vt 0.920625 0.070000
vt 0.923750 0.050000
vt 0.923750 0.070000
vt 0.926875 0.050000
vt 0.926875 0.070000
vt 0.930000 0.050000
vt 0.930000 0.070000
vt 0.933125 0.050000
vt 0.933125 0.070000
vt 0.936250 0.050000
vt 0.936250 0.070000
vt 0.939375 0.050000
vt 0.939375 0.070000
vt 0.942500 0.050000
vt 0.942500 0.070000
vt 0.945625 0.050000
vt 0.945625 0.070000
vt 0.948750 0.050000
vt 0.948750 0.070000
vt 0.951875 0.050000
vt 0.951875 0.070000
vt 0.955000 0.050000
vt 0.955000 0.070000
vt 0.958125 0.050000
vt 0.958125 0.070000
vt 0.961250 0.050000
vt 0.961250 0.070000
vt 0.964375 0.050000
vt 0.964375 0.070000
vt 0.967500 0.050000
vt 0.967500 0.070000
vt 0.970625 0.050000
vt 0.970625 0.070000
vt 0.973750 0.050000
vt 0.973750 0.070000
vt 0.976875 0.050000
vt 0.976875 0.070000
vt 0.980000 0.070000
vt 0.880000 0.120000
vt 0.883125 0.120000
vt 0.886250 0.120000
vt 0.889375 0.120000
vt 0.892500 0.120000
vt 0.895625 0.120000
vt 0.898750 0.120000
vt 0.901875 0.120000
vt 0.905000 0.120000
vt 0.908125 0.120000
vt 0.911250 0.120000
vt 0.914375 0.120000
vt 0.917500 0.120000
vt 0.920625 0.120000
vt 0.923750 0.120000
vt 0.926875 0.120000
vt 0.930000 0.120000
vt 0.933125 0.120000
vt 0.936250 0.120000
vt 0.939375 0.120000
vt 0.942500 0.120000
vt 0.945625 0.120000
vt 0.948750 0.120000
vt 0.951875 0.120000
vt 0.955000 0.120000
vt 0.958125 0.120000
vt 0.961250 0.120000
vt 0.964375 0.120000
vt 0.967500 0.120000
vt 0.970625 0.120000
vt 0.973750 0.120000
vt 0.976875 0.120000
vt 0.980000 0.120000
vt 0.880000 0.180000
vt 0.883125 0.180000
vt 0.886250 0.180000
vt 0.889375 0.180000
vt 0.892500 0.180000
vt 0.895625 0.180000
vt 0.898750 0.180000
vt 0.901875 0.180000
vt 0.905000 0.180000
vt 0.908125 0.180000
vt 0.911250 0.180000
vt 0.914375 0.180000
vt 0.917500 0.180000
vt 0.920625 0.180000
vt 0.923750 0.180000
vt 0.926875 0.180000
vt 0.930000 0.180000
vt 0.933125 0.180000
vt 0.936250 0.180000
vt 0.939375 0.180000
vt 0.942500 0.180000
vt 0.945625 0.180000
vt 0.948750 0.180000
vt 0.951875 0.180000
vt 0.955000 0.180000
vt 0.958125 0.180000
vt 0.961250 0.180000
vt 0.964375 0.180000
vt 0.967500 0.180000
vt 0.970625 0.180000
vt 0.973750 0.180000
vt 0.976875 0.180000
vt 0.980000 0.180000
vt 0.880000 0.220000
vt 0.883125 0.220000
vt 0.886250 0.220000
vt 0.889375 0.220000
vt 0.892500 0.220000
vt 0.895625 0.220000
vt 0.898750 0.220000
vt 0.901875 0.220000
vt 0.905000 0.220000
vt 0.908125 0.220000
vt 0.911250 0.220000
vt 0.914375 0.220000
vt 0.917500 0.220000
vt 0.920625 0.220000
vt 0.923750 0.220000
vt 0.926875 0.220000
vt 0.930000 0.220000
vt 0.933125 0.220000
vt 0.936250 0.220000
vt 0.939375 0.220000
vt 0.942500 0.220000
vt 0.945625 0.220000
vt 0.948750 0.220000
vt 0.951875 0.220000
vt 0.955000 0.220000
vt 0.958125 0.220000
vt 0.961250 0.220000
vt 0.964375 0.220000
vt 0.967500 0.220000
vt 0.970625 0.220000
vt 0.973750 0.220000
vt 0.976875 0.220000
vt 0.980000 0.220000
vt 0.950000 0.220000
vt 0.940000 0.240000
vt 0.900000 0.300000
vt 0.900000 0.480000
vt 0.960000 0.480000
vt 0.960000 0.300000
vt 0.880000 0.300000
vt 0.880000 0.480000
vt 0.980000 0.480000
vt 0.980000 0.300000
vt 0.900000 0.280000
vt 0.960000 0.280000
vt 0.930000 0.300000
vt 0.900000 0.500000
vt 0.960000 0.500000
vt 0.930000 0.480000
vt 0.860000 0.050000
vt 0.860000 0.220000
vt 0.860000 0.000000
vt 0.880000 0.000000
vt 0.880000 0.250000
vt 0.860000 0.250000
vt 0.960000 0.000000
vt 0.980000 0.000000
vt 0.980000 0.250000
vt 0.960000 0.250000
vt 0.900000 0.200000
vt 0.920000 0.200000
vt 0.920000 0.250000
vt 0.900000 0.250000
vt 0.880000 0.100000
vt 0.920000 0.100000
vt 0.900000 0.140000
vt 0.920000 0.120000
s 1
usemtl M_Kh47M2_Kinzhal
f 1/1/1 2/2/2 34/3/34 33/4/33
f 2/2/2 3/5/3 35/6/35 34/3/34
f 3/5/3 4/7/4 36/8/36 35/6/35
f 4/7/4 5/9/5 37/10/37 36/8/36
f 5/9/5 6/11/6 38/12/38 37/10/37
f 6/11/6 7/13/7 39/14/39 38/12/38
f 7/13/7 8/15/8 40/16/40 39/14/39
f 8/15/8 9/17/9 41/18/41 40/16/40
f 9/17/9 10/19/10 42/20/42 41/18/41
f 10/19/10 11/21/11 43/22/43 42/20/42
f 11/21/11 12/23/12 44/24/44 43/22/43
f 12/23/12 13/25/13 45/26/45 44/24/44
f 13/25/13 14/27/14 46/28/46 45/26/45
f 14/27/14 15/29/15 47/30/47 46/28/46
f 15/29/15 16/31/16 48/32/48 47/30/47
f 16/31/16 17/33/17 49/34/49 48/32/48
f 17/33/17 18/35/18 50/36/50 49/34/49
f 18/35/18 19/37/19 51/38/51 50/36/50
f 19/37/19 20/39/20 52/40/52 51/38/51
f 20/39/20 21/41/21 53/42/53 52/40/52
f 21/41/21 22/43/22 54/44/54 53/42/53
f 22/43/22 23/45/23 55/46/55 54/44/54
f 23/45/23 24/47/24 56/48/56 55/46/55
f 24/47/24 25/49/25 57/50/57 56/48/56
f 25/49/25 26/51/26 58/52/58 57/50/57
f 26/51/26 27/53/27 59/54/59 58/52/58
f 27/53/27 28/55/28 60/56/60 59/54/59
f 28/55/28 29/57/29 61/58/61 60/56/60
f 29/57/29 30/59/30 62/60/62 61/58/61
f 30/59/30 31/61/31 63/62/63 62/60/62
f 31/61/31 32/63/32 64/64/64 63/62/63
f 32/63/32 1/65/1 33/66/33 64/64/64
f 33/4/33 34/3/34 66/67/66 65/68/65
f 34/3/34 35/6/35 67/69/67 66/67/66
f 35/6/35 36/8/36 68/70/68 67/69/67
f 36/8/36 37/10/37 69/71/69 68/70/68
f 37/10/37 38/12/38 70/72/70 69/71/69
f 38/12/38 39/14/39 71/73/71 70/72/70
f 39/14/39 40/16/40 72/74/72 71/73/71
f 40/16/40 41/18/41 73/75/73 72/74/72
f 41/18/41 42/20/42 74/76/74 73/75/73
f 42/20/42 43/22/43 75/77/75 74/76/74
f 43/22/43 44/24/44 76/78/76 75/77/75
f 44/24/44 45/26/45 77/79/77 76/78/76
f 45/26/45 46/28/46 78/80/78 77/79/77
f 46/28/46 47/30/47 79/81/79 78/80/78
f 47/30/47 48/32/48 80/82/80 79/81/79
f 48/32/48 49/34/49 81/83/81 80/82/80
f 49/34/49 50/36/50 82/84/82 81/83/81
f 50/36/50 51/38/51 83/85/83 82/84/82
f 51/38/51 52/40/52 84/86/84 83/85/83
f 52/40/52 53/42/53 85/87/85 84/86/84
f 53/42/53 54/44/54 86/88/86 85/87/85
f 54/44/54 55/46/55 87/89/87 86/88/86
f 55/46/55 56/48/56 88/90/88 87/89/87
f 56/48/56 57/50/57 89/91/89 88/90/88
f 57/50/57 58/52/58 90/92/90 89/91/89
f 58/52/58 59/54/59 91/93/91 90/92/90
f 59/54/59 60/56/60 92/94/92 91/93/91
f 60/56/60 61/58/61 93/95/93 92/94/92
f 61/58/61 62/60/62 94/96/94 93/95/93
f 62/60/62 63/62/63 95/97/95 94/96/94
f 63/62/63 64/64/64 96/98/96 95/97/95
f 64/64/64 33/66/33 65/99/65 96/98/96
f 65/68/65 66/67/66 98/100/98 97/101/97
f 66/67/66 67/69/67 99/102/99 98/100/98
f 67/69/67 68/70/68 100/103/100 99/102/99
f 68/70/68 69/71/69 101/104/101 100/103/100
f 69/71/69 70/72/70 102/105/102 101/104/101
f 70/72/70 71/73/71 103/106/103 102/105/102
f 71/73/71 72/74/72 104/107/104 103/106/103
f 72/74/72 73/75/73 105/108/105 104/107/104
f 73/75/73 74/76/74 106/109/106 105/108/105
f 74/76/74 75/77/75 107/110/107 106/109/106
f 75/77/75 76/78/76 108/111/108 107/110/107
f 76/78/76 77/79/77 109/112/109 108/111/108
f 77/79/77 78/80/78 110/113/110 109/112/109
f 78/80/78 79/81/79 111/114/111 110/113/110
f 79/81/79 80/82/80 112/115/112 111/114/111
f 80/82/80 81/83/81 113/116/113 112/115/112
f 81/83/81 82/84/82 114/117/114 113/116/113
f 82/84/82 83/85/83 115/118/115 114/117/114
f 83/85/83 84/86/84 116/119/116 115/118/115
f 84/86/84 85/87/85 117/120/117 116/119/116
f 85/87/85 86/88/86 118/121/118 117/120/117
f 86/88/86 87/89/87 119/122/119 118/121/118
f 87/89/87 88/90/88 120/123/120 119/122/119
f 88/90/88 89/91/89 121/124/121 120/123/120
f 89/91/89 90/92/90 122/125/122 121/124/121
f 90/92/90 91/93/91 123/126/123 122/125/122
f 91/93/91 92/94/92 124/127/124 123/126/123
f 92/94/92 93/95/93 125/128/125 124/127/124
f 93/95/93 94/96/94 126/129/126 125/128/125
f 94/96/94 95/97/95 127/130/127 126/129/126
f 95/97/95 96/98/96 128/131/128 127/130/127
f 96/98/96 65/99/65 97/132/97 128/131/128
f 97/101/97 98/100/98 130/133/130 129/134/129
f 98/100/98 99/102/99 131/135/131 130/133/130
f 99/102/99 100/103/100 132/136/132 131/135/131
f 100/103/100 101/104/101 133/137/133 132/136/132
f 101/104/101 102/105/102 134/138/134 133/137/133
f 102/105/102 103/106/103 135/139/135 134/138/134
f 103/106/103 104/107/104 136/140/136 135/139/135
f 104/107/104 105/108/105 137/141/137 136/140/136
f 105/108/105 106/109/106 138/142/138 137/141/137
f 106/109/106 107/110/107 139/143/139 138/142/138
f 107/110/107 108/111/108 140/144/140 139/143/139
f 108/111/108 109/112/109 141/145/141 140/144/140
f 109/112/109 110/113/110 142/146/142 141/145/141
f 110/113/110 111/114/111 143/147/143 142/146/142
f 111/114/111 112/115/112 144/148/144 143/147/143
f 112/115/112 113/116/113 145/149/145 144/148/144
f 113/116/113 114/117/114 146/150/146 145/149/145
f 114/117/114 115/118/115 147/151/147 146/150/146
f 115/118/115 116/119/116 148/152/148 147/151/147
f 116/119/116 117/120/117 149/153/149 148/152/148
f 117/120/117 118/121/118 150/154/150 149/153/149
f 118/121/118 119/122/119 151/155/151 150/154/150
f 119/122/119 120/123/120 152/156/152 151/155/151
f 120/123/120 121/124/121 153/157/153 152/156/152
f 121/124/121 122/125/122 154/158/154 153/157/153
f 122/125/122 123/126/123 155/159/155 154/158/154
f 123/126/123 124/127/124 156/160/156 155/159/155
f 124/127/124 125/128/125 157/161/157 156/160/156
f 125/128/125 126/129/126 158/162/158 157/161/157
f 126/129/126 127/130/127 159/163/159 158/162/158
f 127/130/127 128/131/128 160/164/160 159/163/159
f 128/131/128 97/132/97 129/165/129 160/164/160
f 129/134/129 130/133/130 162/166/162 161/167/161
f 130/133/130 131/135/131 163/168/163 162/166/162
f 131/135/131 132/136/132 164/169/164 163/168/163
f 132/136/132 133/137/133 165/170/165 164/169/164
f 133/137/133 134/138/134 166/171/166 165/170/165
f 134/138/134 135/139/135 167/172/167 166/171/166
f 135/139/135 136/140/136 168/173/168 167/172/167
f 136/140/136 137/141/137 169/174/169 168/173/168
f 137/141/137 138/142/138 170/175/170 169/174/169
f 138/142/138 139/143/139 171/176/171 170/175/170
f 139/143/139 140/144/140 172/177/172 171/176/171
f 140/144/140 141/145/141 173/178/173 172/177/172
f 141/145/141 142/146/142 174/179/174 173/178/173
f 142/146/142 143/147/143 175/180/175 174/179/174
f 143/147/143 144/148/144 176/181/176 175/180/175
f 144/148/144 145/149/145 177/182/177 176/181/176
f 145/149/145 146/150/146 178/183/178 177/182/177
f 146/150/146 147/151/147 179/184/179 178/183/178
f 147/151/147 148/152/148 180/185/180 179/184/179
f 148/152/148 149/153/149 181/186/181 180/185/180
f 149/153/149 150/154/150 182/187/182 181/186/181
f 150/154/150 151/155/151 183/188/183 182/187/182
f 151/155/151 152/156/152 184/189/184 183/188/183
f 152/156/152 153/157/153 185/190/185 184/189/184
f 153/157/153 154/158/154 186/191/186 185/190/185
f 154/158/154 155/159/155 187/192/187 186/191/186
f 155/159/155 156/160/156 188/193/188 187/192/187
f 156/160/156 157/161/157 189/194/189 188/193/188
f 157/161/157 158/162/158 190/195/190 189/194/189
f 158/162/158 159/163/159 191/196/191 190/195/190
f 159/163/159 160/164/160 192/197/192 191/196/191
f 160/164/160 129/165/129 161/198/161 192/197/192
f 161/167/161 162/166/162 194/199/162 193/200/161
f 162/166/162 163/168/163 195/201/163 194/199/162
f 163/168/163 164/169/164 196/202/164 195/201/163
f 164/169/164 165/170/165 197/203/165 196/202/164
f 165/170/165 166/171/166 198/204/166 197/203/165
f 166/171/166 167/172/167 199/205/167 198/204/166
f 167/172/167 168/173/168 200/206/168 199/205/167
f 168/173/168 169/174/169 201/207/169 200/206/168
f 169/174/169 170/175/170 202/208/170 201/207/169
f 170/175/170 171/176/171 203/209/171 202/208/170
f 171/176/171 172/177/172 204/210/172 203/209/171
f 172/177/172 173/178/173 205/211/173 204/210/172
f 173/178/173 174/179/174 206/212/174 205/211/173
f 174/179/174 175/180/175 207/213/175 206/212/174
f 175/180/175 176/181/176 208/214/176 207/213/175
f 176/181/176 177/182/177 209/215/177 208/214/176
f 177/182/177 178/183/178 210/216/178 209/215/177
f 178/183/178 179/184/179 211/217/179 210/216/178
f 179/184/179 180/185/180 212/218/180 211/217/179
f 180/185/180 181/186/181 213/219/181 212/218/180
f 181/186/181 182/187/182 214/220/182 213/219/181
f 182/187/182 183/188/183 215/221/183 214/220/182
f 183/188/183 184/189/184 216/222/184 215/221/183
f 184/189/184 185/190/185 217/223/185 216/222/184
f 185/190/185 186/191/186 218/224/186 217/223/185
f 186/191/186 187/192/187 219/225/187 218/224/186
f 187/192/187 188/193/188 220/226/188 219/225/187
f 188/193/188 189/194/189 221/227/189 220/226/188
f 189/194/189 190/195/190 222/228/190 221/227/189
f 190/195/190 191/196/191 223/229/191 222/228/190
f 191/196/191 192/197/192 224/230/192 223/229/191
f 192/197/192 161/198/161 193/231/161 224/230/192
f 193/200/161 194/199/162 226/232/162 225/233/161
f 194/199/162 195/201/163 227/234/163 226/232/162
f 195/201/163 196/202/164 228/235/164 227/234/163
f 196/202/164 197/203/165 229/236/165 228/235/164
f 197/203/165 198/204/166 230/237/166 229/236/165
f 198/204/166 199/205/167 231/238/167 230/237/166
f 199/205/167 200/206/168 232/239/168 231/238/167
f 200/206/168 201/207/169 233/240/169 232/239/168
f 201/207/169 202/208/170 234/241/170 233/240/169
f 202/208/170 203/209/171 235/242/171 234/241/170
f 203/209/171 204/210/172 236/243/172 235/242/171
f 204/210/172 205/211/173 237/244/173 236/243/172
f 205/211/173 206/212/174 238/245/174 237/244/173
f 206/212/174 207/213/175 239/246/175 238/245/174
f 207/213/175 208/214/176 240/247/176 239/246/175
f 208/214/176 209/215/177 241/248/177 240/247/176
f 209/215/177 210/216/178 242/249/178 241/248/177
f 210/216/178 211/217/179 243/250/179 242/249/178
f 211/217/179 212/218/180 244/251/180 243/250/179
f 212/218/180 213/219/181 245/252/181 244/251/180
f 213/219/181 214/220/182 246/253/182 245/252/181
f 214/220/182 215/221/183 247/254/183 246/253/182
f 215/221/183 216/222/184 248/255/184 247/254/183
f 216/222/184 217/223/185 249/256/185 248/255/184
f 217/223/185 218/224/186 250/257/186 249/256/185
f 218/224/186 219/225/187 251/258/187 250/257/186
f 219/225/187 220/226/188 252/259/188 251/258/187
f 220/226/188 221/227/189 253/260/189 252/259/188
f 221/227/189 222/228/190 254/261/190 253/260/189
f 222/228/190 223/229/191 255/262/191 254/261/190
f 223/229/191 224/230/192 256/263/192 255/262/191
f 224/230/192 193/231/161 225/264/161 256/263/192
f 225/233/161 226/232/162 258/265/162 257/266/161
f 226/232/162 227/234/163 259/267/163 258/265/162
f 227/234/163 228/235/164 260/268/164 259/267/163
f 228/235/164 229/236/165 261/269/165 260/268/164
f 229/236/165 230/237/166 262/270/166 261/269/165
f 230/237/166 231/238/167 263/271/167 262/270/166
f 231/238/167 232/239/168 264/272/168 263/271/167
f 232/239/168 233/240/169 265/273/169 264/272/168
f 233/240/169 234/241/170 266/274/170 265/273/169
f 234/241/170 235/242/171 267/275/171 266/274/170
f 235/242/171 236/243/172 268/276/172 267/275/171
f 236/243/172 237/244/173 269/277/173 268/276/172
f 237/244/173 238/245/174 270/278/174 269/277/173
f 238/245/174 239/246/175 271/279/175 270/278/174
f 239/246/175 240/247/176 272/280/176 271/279/175
f 240/247/176 241/248/177 273/281/177 272/280/176
f 241/248/177 242/249/178 274/282/178 273/281/177
f 242/249/178 243/250/179 275/283/179 274/282/178
f 243/250/179 244/251/180 276/284/180 275/283/179
f 244/251/180 245/252/181 277/285/181 276/284/180
f 245/252/181 246/253/182 278/286/182 277/285/181
f 246/253/182 247/254/183 279/287/183 278/286/182
f 247/254/183 248/255/184 280/288/184 279/287/183
f 248/255/184 249/256/185 281/289/185 280/288/184
f 249/256/185 250/257/186 282/290/186 281/289/185
f 250/257/186 251/258/187 283/291/187 282/290/186
f 251/258/187 252/259/188 284/292/188 283/291/187
f 252/259/188 253/260/189 285/293/189 284/292/188
f 253/260/189 254/261/190 286/294/190 285/293/189
f 254/261/190 255/262/191 287/295/191 286/294/190
f 255/262/191 256/263/192 288/296/192 287/295/191
f 256/263/192 225/264/161 257/297/161 288/296/192
f 257/266/161 258/265/162 290/298/162 289/299/161
f 258/265/162 259/267/163 291/300/163 290/298/162
f 259/267/163 260/268/164 292/301/164 291/300/163
f 260/268/164 261/269/165 293/302/165 292/301/164
f 261/269/165 262/270/166 294/303/166 293/302/165
f 262/270/166 263/271/167 295/304/167 294/303/166
f 263/271/167 264/272/168 296/305/168 295/304/167
f 264/272/168 265/273/169 297/306/169 296/305/168
f 265/273/169 266/274/170 298/307/170 297/306/169
f 266/274/170 267/275/171 299/308/171 298/307/170
f 267/275/171 268/276/172 300/309/172 299/308/171
f 268/276/172 269/277/173 301/310/173 300/309/172
f 269/277/173 270/278/174 302/311/174 301/310/173
f 270/278/174 271/279/175 303/312/175 302/311/174
f 271/279/175 272/280/176 304/313/176 303/312/175
f 272/280/176 273/281/177 305/314/177 304/313/176
f 273/281/177 274/282/178 306/315/178 305/314/177
f 274/282/178 275/283/179 307/316/179 306/315/178
f 275/283/179 276/284/180 308/317/180 307/316/179
f 276/284/180 277/285/181 309/318/181 308/317/180
f 277/285/181 278/286/182 310/319/182 309/318/181
f 278/286/182 279/287/183 311/320/183 310/319/182
f 279/287/183 280/288/184 312/321/184 311/320/183
f 280/288/184 281/289/185 313/322/185 312/321/184
f 281/289/185 282/290/186 314/323/186 313/322/185
f 282/290/186 283/291/187 315/324/187 314/323/186
f 283/291/187 284/292/188 316/325/188 315/324/187
f 284/292/188 285/293/189 317/326/189 316/325/188
f 285/293/189 286/294/190 318/327/190 317/326/189
f 286/294/190 287/295/191 319/328/191 318/327/190
f 287/295/191 288/296/192 320/329/192 319/328/191
f 288/296/192 257/297/161 289/330/161 320/329/192
f 289/299/161 290/298/162 322/331/194 321/332/193
f 290/298/162 291/300/163 323/333/195 322/331/194
f 291/300/163 292/301/164 324/334/196 323/333/195
f 292/301/164 293/302/165 325/335/197 324/334/196
f 293/302/165 294/303/166 326/336/198 325/335/197
f 294/303/166 295/304/167 327/337/199 326/336/198
f 295/304/167 296/305/168 328/338/200 327/337/199
f 296/305/168 297/306/169 329/339/201 328/338/200
f 297/306/169 298/307/170 330/340/202 329/339/201
f 298/307/170 299/308/171 331/341/203 330/340/202
f 299/308/171 300/309/172 332/342/204 331/341/203
f 300/309/172 301/310/173 333/343/205 332/342/204
f 301/310/173 302/311/174 334/344/206 333/343/205
f 302/311/174 303/312/175 335/345/207 334/344/206
f 303/312/175 304/313/176 336/346/208 335/345/207
f 304/313/176 305/314/177 337/347/209 336/346/208
f 305/314/177 306/315/178 338/348/210 337/347/209
f 306/315/178 307/316/179 339/349/211 338/348/210
f 307/316/179 308/317/180 340/350/212 339/349/211
f 308/317/180 309/318/181 341/351/213 340/350/212
f 309/318/181 310/319/182 342/352/214 341/351/213
f 310/319/182 311/320/183 343/353/215 342/352/214
f 311/320/183 312/321/184 344/354/216 343/353/215
f 312/321/184 313/322/185 345/355/217 344/354/216
f 313/322/185 314/323/186 346/356/218 345/355/217
f 314/323/186 315/324/187 347/357/219 346/356/218
f 315/324/187 316/325/188 348/358/220 347/357/219
f 316/325/188 317/326/189 349/359/221 348/358/220
f 317/326/189 318/327/190 350/360/222 349/359/221
f 318/327/190 319/328/191 351/361/223 350/360/222
f 319/328/191 320/329/192 352/362/224 351/361/223
f 320/329/192 289/330/161 321/363/193 352/362/224
f 321/332/193 322/331/194 354/364/226 353/365/225
f 322/331/194 323/333/195 355/366/227 354/364/226
f 323/333/195 324/334/196 356/367/228 355/366/227
f 324/334/196 325/335/197 357/368/229 356/367/228
f 325/335/197 326/336/198 358/369/230 357/368/229
f 326/336/198 327/337/199 359/370/231 358/369/230
f 327/337/199 328/338/200 360/371/232 359/370/231
f 328/338/200 329/339/201 361/372/233 360/371/232
f 329/339/201 330/340/202 362/373/234 361/372/233
f 330/340/202 331/341/203 363/374/235 362/373/234
f 331/341/203 332/342/204 364/375/236 363/374/235
f 332/342/204 333/343/205 365/376/237 364/375/236
f 333/343/205 334/344/206 366/377/238 365/376/237
f 334/344/206 335/345/207 367/378/239 366/377/238
f 335/345/207 336/346/208 368/379/240 367/378/239
f 336/346/208 337/347/209 369/380/241 368/379/240
f 337/347/209 338/348/210 370/381/242 369/380/241
f 338/348/210 339/349/211 371/382/243 370/381/242
f 339/349/211 340/350/212 372/383/244 371/382/243
f 340/350/212 341/351/213 373/384/245 372/383/244
f 341/351/213 342/352/214 374/385/246 373/384/245
f 342/352/214 343/353/215 375/386/247 374/385/246
f 343/353/215 344/354/216 376/387/248 375/386/247
f 344/354/216 345/355/217 377/388/249 376/387/248
f 345/355/217 346/356/218 378/389/250 377/388/249
f 346/356/218 347/357/219 379/390/251 378/389/250
f 347/357/219 348/358/220 380/391/252 379/390/251
f 348/358/220 349/359/221 381/392/253 380/391/252
f 349/359/221 350/360/222 382/393/254 381/392/253
f 350/360/222 351/361/223 383/394/255 382/393/254
f 351/361/223 352/362/224 384/395/256 383/394/255
f 352/362/224 321/363/193 353/396/225 384/395/256
f 353/365/225 354/364/226 386/397/258 385/398/257
f 354/364/226 355/366/227 387/399/259 386/397/258
f 355/366/227 356/367/228 388/400/260 387/399/259
f 356/367/228 357/368/229 389/401/261 388/400/260
f 357/368/229 358/369/230 390/402/262 389/401/261
f 358/369/230 359/370/231 391/403/263 390/402/262
f 359/370/231 360/371/232 392/404/264 391/403/263
f 360/371/232 361/372/233 393/405/265 392/404/264
f 361/372/233 362/373/234 394/406/266 393/405/265
f 362/373/234 363/374/235 395/407/267 394/406/266
f 363/374/235 364/375/236 396/408/268 395/407/267
f 364/375/236 365/376/237 397/409/269 396/408/268
f 365/376/237 366/377/238 398/410/270 397/409/269
f 366/377/238 367/378/239 399/411/271 398/410/270
f 367/378/239 368/379/240 400/412/272 399/411/271
f 368/379/240 369/380/241 401/413/273 400/412/272
f 369/380/241 370/381/242 402/414/274 401/413/273
f 370/381/242 371/382/243 403/415/275 402/414/274
f 371/382/243 372/383/244 404/416/276 403/415/275
f 372/383/244 373/384/245 405/417/277 404/416/276
f 373/384/245 374/385/246 406/418/278 405/417/277
f 374/385/246 375/386/247 407/419/279 406/418/278
f 375/386/247 376/387/248 408/420/280 407/419/279
f 376/387/248 377/388/249 409/421/281 408/420/280
f 377/388/249 378/389/250 410/422/282 409/421/281
f 378/389/250 379/390/251 411/423/283 410/422/282
f 379/390/251 380/391/252 412/424/284 411/423/283
f 380/391/252 381/392/253 413/425/285 412/424/284
f 381/392/253 382/393/254 414/426/286 413/425/285
f 382/393/254 383/394/255 415/427/287 414/426/286
f 383/394/255 384/395/256 416/428/288 415/427/287
f 384/395/256 353/396/225 385/429/257 416/428/288
f 385/398/257 386/397/258 418/430/290 417/431/289
f 386/397/258 387/399/259 419/432/291 418/430/290
f 387/399/259 388/400/260 420/433/292 419/432/291
f 388/400/260 389/401/261 421/434/293 420/433/292
f 389/401/261 390/402/262 422/435/294 421/434/293
f 390/402/262 391/403/263 423/436/295 422/435/294
f 391/403/263 392/404/264 424/437/296 423/436/295
f 392/404/264 393/405/265 425/438/297 424/437/296
f 393/405/265 394/406/266 426/439/298 425/438/297
f 394/406/266 395/407/267 427/440/299 426/439/298
f 395/407/267 396/408/268 428/441/300 427/440/299
f 396/408/268 397/409/269 429/442/301 428/441/300
f 397/409/269 398/410/270 430/443/302 429/442/301
f 398/410/270 399/411/271 431/444/303 430/443/302
f 399/411/271 400/412/272 432/445/304 431/444/303
f 400/412/272 401/413/273 433/446/305 432/445/304
f 401/413/273 402/414/274 434/447/306 433/446/305
f 402/414/274 403/415/275 435/448/307 434/447/306
f 403/415/275 404/416/276 436/449/308 435/448/307
f 404/416/276 405/417/277 437/450/309 436/449/308
f 405/417/277 406/418/278 438/451/310 437/450/309
f 406/418/278 407/419/279 439/452/311 438/451/310
f 407/419/279 408/420/280 440/453/312 439/452/311
f 408/420/280 409/421/281 441/454/313 440/453/312
f 409/421/281 410/422/282 442/455/314 441/454/313
f 410/422/282 411/423/283 443/456/315 442/455/314
f 411/423/283 412/424/284 444/457/316 443/456/315
f 412/424/284 413/425/285 445/458/317 444/457/316
f 413/425/285 414/426/286 446/459/318 445/458/317
f 414/426/286 415/427/287 447/460/319 446/459/318
f 415/427/287 416/428/288 448/461/320 447/460/319
f 416/428/288 385/429/257 417/462/289 448/461/320
f 418/430/290 450/463/322 449/464/321 417/431/289
f 419/432/291 451/465/323 450/463/322 418/430/290
f 420/433/292 452/466/324 451/465/323 419/432/291
f 421/434/293 453/467/325 452/466/324 420/433/292
f 422/435/294 454/468/326 453/467/325 421/434/293
f 423/436/295 455/469/327 454/468/326 422/435/294
f 424/437/296 456/470/328 455/469/327 423/436/295
f 425/438/297 457/471/329 456/470/328 424/437/296
f 426/439/298 458/472/330 457/471/329 425/438/297
f 427/440/299 459/473/331 458/472/330 426/439/298
f 428/441/300 460/474/332 459/473/331 427/440/299
f 429/442/301 461/475/333 460/474/332 428/441/300
f 430/443/302 462/476/334 461/475/333 429/442/301
f 431/444/303 463/477/335 462/476/334 430/443/302
f 432/445/304 464/478/336 463/477/335 431/444/303
f 433/446/305 465/479/337 464/478/336 432/445/304
f 434/447/306 466/480/338 465/479/337 433/446/305
f 435/448/307 467/481/339 466/480/338 434/447/306
f 436/449/308 468/482/340 467/481/339 435/448/307
f 437/450/309 469/483/341 468/482/340 436/449/308
f 438/451/310 470/484/342 469/483/341 437/450/309
f 439/452/311 471/485/343 470/484/342 438/451/310
f 440/453/312 472/486/344 471/485/343 439/452/311
f 441/454/313 473/487/345 472/486/344 440/453/312
f 442/455/314 474/488/346 473/487/345 441/454/313
f 443/456/315 475/489/347 474/488/346 442/455/314
f 444/457/316 476/490/348 475/489/347 443/456/315
f 445/458/317 477/491/349 476/490/348 444/457/316
f 446/459/318 478/492/350 477/491/349 445/458/317
f 447/460/319 479/493/351 478/492/350 446/459/318
f 448/461/320 480/494/352 479/493/351 447/460/319
f 417/462/289 449/495/321 480/494/352 448/461/320
f 450/463/322 482/496/354 481/497/353 449/464/321
f 451/465/323 483/498/355 482/496/354 450/463/322
f 452/466/324 484/499/356 483/498/355 451/465/323
f 453/467/325 485/500/357 484/499/356 452/466/324
f 454/468/326 486/501/358 485/500/357 453/467/325
f 455/469/327 487/502/359 486/501/358 454/468/326
f 456/470/328 488/503/360 487/502/359 455/469/327
f 457/471/329 489/504/361 488/503/360 456/470/328
f 458/472/330 490/505/362 489/504/361 457/471/329
f 459/473/331 491/506/363 490/505/362 458/472/330
f 460/474/332 492/507/364 491/506/363 459/473/331
f 461/475/333 493/508/365 492/507/364 460/474/332
f 462/476/334 494/509/366 493/508/365 461/475/333
f 463/477/335 495/510/367 494/509/366 462/476/334
f 464/478/336 496/511/368 495/510/367 463/477/335
f 465/479/337 497/512/369 496/511/368 464/478/336
f 466/480/338 498/513/370 497/512/369 465/479/337
f 467/481/339 499/514/371 498/513/370 466/480/338
f 468/482/340 500/515/372 499/514/371 467/481/339
f 469/483/341 501/516/373 500/515/372 468/482/340
f 470/484/342 502/517/374 501/516/373 469/483/341
f 471/485/343 503/518/375 502/517/374 470/484/342
f 472/486/344 504/519/376 503/518/375 471/485/343
f 473/487/345 505/520/377 504/519/376 472/486/344
f 474/488/346 506/521/378 505/520/377 473/487/345
f 475/489/347 507/522/379 506/521/378 474/488/346
f 476/490/348 508/523/380 507/522/379 475/489/347
f 477/491/349 509/524/381 508/523/380 476/490/348
f 478/492/350 510/525/382 509/524/381 477/491/349
f 479/493/351 511/526/383 510/525/382 478/492/350
f 480/494/352 512/527/384 511/526/383 479/493/351
f 449/495/321 481/528/353 512/527/384 480/494/352
f 482/496/354 514/529/386 513/530/385 481/497/353
f 483/498/355 515/531/387 514/529/386 482/496/354
f 484/499/356 516/532/388 515/531/387 483/498/355
f 485/500/357 517/533/389 516/532/388 484/499/356
f 486/501/358 518/534/390 517/533/389 485/500/357
f 487/502/359 519/535/391 518/534/390 486/501/358
f 488/503/360 520/536/392 519/535/391 487/502/359
f 489/504/361 521/537/393 520/536/392 488/503/360
f 490/505/362 522/538/394 521/537/393 489/504/361
f 491/506/363 523/539/395 522/538/394 490/505/362
f 492/507/364 524/540/396 523/539/395 491/506/363
f 493/508/365 525/541/397 524/540/396 492/507/364
f 494/509/366 526/542/398 525/541/397 493/508/365
f 495/510/367 527/543/399 526/542/398 494/509/366
f 496/511/368 528/544/400 527/543/399 495/510/367
f 497/512/369 529/545/401 528/544/400 496/511/368
f 498/513/370 530/546/402 529/545/401 497/512/369
f 499/514/371 531/547/403 530/546/402 498/513/370
f 500/515/372 532/548/404 531/547/403 499/514/371
f 501/516/373 533/549/405 532/548/404 500/515/372
f 502/517/374 534/550/406 533/549/405 501/516/373
f 503/518/375 535/551/407 534/550/406 502/517/374
f 504/519/376 536/552/408 535/551/407 503/518/375
f 505/520/377 537/553/409 536/552/408 504/519/376
f 506/521/378 538/554/410 537/553/409 505/520/377
f 507/522/379 539/555/411 538/554/410 506/521/378
f 508/523/380 540/556/412 539/555/411 507/522/379
f 509/524/381 541/557/413 540/556/412 508/523/380
f 510/525/382 542/558/414 541/557/413 509/524/381
f 511/526/383 543/559/415 542/558/414 510/525/382
f 512/527/384 544/560/416 543/559/415 511/526/383
f 481/528/353 513/561/385 544/560/416 512/527/384
f 514/529/386 545/562/417 513/530/385
f 515/531/387 545/563/417 514/529/386
f 516/532/388 545/564/417 515/531/387
f 517/533/389 545/565/417 516/532/388
f 518/534/390 545/566/417 517/533/389
f 519/535/391 545/567/417 518/534/390
f 520/536/392 545/568/417 519/535/391
f 521/537/393 545/569/417 520/536/392
f 522/538/394 545/570/417 521/537/393
f 523/539/395 545/571/417 522/538/394
f 524/540/396 545/572/417 523/539/395
f 525/541/397 545/573/417 524/540/396
f 526/542/398 545/574/417 525/541/397
f 527/543/399 545/575/417 526/542/398
f 528/544/400 545/576/417 527/543/399
f 529/545/401 545/577/417 528/544/400
f 530/546/402 545/578/417 529/545/401
f 531/547/403 545/579/417 530/546/402
f 532/548/404 545/580/417 531/547/403
f 533/549/405 545/581/417 532/548/404
f 534/550/406 545/582/417 533/549/405
f 535/551/407 545/583/417 534/550/406
f 536/552/408 545/584/417 535/551/407
f 537/553/409 545/585/417 536/552/408
f 538/554/410 545/586/417 537/553/409
f 539/555/411 545/587/417 538/554/410
f 540/556/412 545/588/417 539/555/411
f 541/557/413 545/589/417 540/556/412
f 542/558/414 545/590/417 541/557/413
f 543/559/415 545/591/417 542/558/414
f 544/560/416 545/592/417 543/559/415
f 513/561/385 545/593/417 544/560/416
f 2/594/2 1/595/1 546/596/418 547/597/419
f 3/594/3 2/595/2 547/596/419 548/597/420
f 4/594/4 3/595/3 548/596/420 549/597/421
f 5/594/5 4/595/4 549/596/421 550/597/422
f 6/594/6 5/595/5 550/596/422 551/597/423
f 7/594/7 6/595/6 551/596/423 552/597/424
f 8/594/8 7/595/7 552/596/424 553/597/425
f 9/594/9 8/595/8 553/596/425 554/597/426
f 10/594/10 9/595/9 554/596/426 555/597/427
f 11/594/11 10/595/10 555/596/427 556/597/428
f 12/594/12 11/595/11 556/596/428 557/597/429
f 13/594/13 12/595/12 557/596/429 558/597/430
f 14/594/14 13/595/13 558/596/430 559/597/431
f 15/594/15 14/595/14 559/596/431 560/597/432
f 16/594/16 15/595/15 560/596/432 561/597/433
f 17/594/17 16/595/16 561/596/433 562/597/434
f 18/594/18 17/595/17 562/596/434 563/597/435
f 19/594/19 18/595/18 563/596/435 564/597/436
f 20/594/20 19/595/19 564/596/436 565/597/437
f 21/594/21 20/595/20 565/596/437 566/597/438
f 22/594/22 21/595/21 566/596/438 567/597/439
f 23/594/23 22/595/22 567/596/439 568/597/440
f 24/594/24 23/595/23 568/596/440 569/597/441
f 25/594/25 24/595/24 569/596/441 570/597/442
f 26/594/26 25/595/25 570/596/442 571/597/443
f 27/594/27 26/595/26 571/596/443 572/597/444
f 28/594/28 27/595/27 572/596/444 573/597/445
f 29/594/29 28/595/28 573/596/445 574/597/446
f 30/594/30 29/595/29 574/596/446 575/597/447
f 31/594/31 30/595/30 575/596/447 576/597/448
f 32/594/32 31/595/31 576/596/448 577/597/449
f 1/594/1 32/595/32 577/596/449 546/597/418
f 547/598/419 546/594/418 578/599/450 579/600/451
f 548/601/420 547/598/419 579/600/451 580/602/452
f 549/603/421 548/601/420 580/602/452 581/604/453
f 550/605/422 549/603/421 581/604/453 582/606/454
f 551/607/423 550/605/422 582/606/454 583/608/455
f 552/609/424 551/607/423 583/608/455 584/610/456
f 553/611/425 552/609/424 584/610/456 585/612/457
f 554/613/426 553/611/425 585/612/457 586/614/458
f 555/615/427 554/613/426 586/614/458 587/616/459
f 556/617/428 555/615/427 587/616/459 588/618/460
f 557/619/429 556/617/428 588/618/460 589/620/461
f 558/621/430 557/619/429 589/620/461 590/622/462
f 559/623/431 558/621/430 590/622/462 591/624/463
f 560/625/432 559/623/431 591/624/463 592/626/464
f 561/627/433 560/625/432 592/626/464 593/628/465
f 562/629/434 561/627/433 593/628/465 594/630/466
f 563/631/435 562/629/434 594/630/466 595/632/467
f 564/633/436 563/631/435 595/632/467 596/634/468
f 565/635/437 564/633/436 596/634/468 597/636/469
f 566/637/438 565/635/437 597/636/469 598/638/470
f 567/639/439 566/637/438 598/638/470 599/640/471
f 568/641/440 567/639/439 599/640/471 600/642/472
f 569/643/441 568/641/440 600/642/472 601/644/473
f 570/645/442 569/643/441 601/644/473 602/646/474
f 571/647/443 570/645/442 602/646/474 603/648/475
f 572/649/444 571/647/443 603/648/475 604/650/476
f 573/651/445 572/649/444 604/650/476 605/652/477
f 574/653/446 573/651/445 605/652/477 606/654/478
f 575/655/447 574/653/446 606/654/478 607/656/479
f 576/657/448 575/655/447 607/656/479 608/658/480
f 577/659/449 576/657/448 608/658/480 609/660/481
f 546/595/418 577/659/449 609/660/481 578/661/450
f 579/600/451 578/599/450 610/662/482 611/663/483
f 580/602/452 579/600/451 611/663/483 612/664/484
f 581/604/453 580/602/452 612/664/484 613/665/485
f 582/606/454 581/604/453 613/665/485 614/666/486
f 583/608/455 582/606/454 614/666/486 615/667/487
f 584/610/456 583/608/455 615/667/487 616/668/488
f 585/612/457 584/610/456 616/668/488 617/669/489
f 586/614/458 585/612/457 617/669/489 618/670/490
f 587/616/459 586/614/458 618/670/490 619/671/491
f 588/618/460 587/616/459 619/671/491 620/672/492
f 589/620/461 588/618/460 620/672/492 621/673/493
f 590/622/462 589/620/461 621/673/493 622/674/494
f 591/624/463 590/622/462 622/674/494 623/675/495
f 592/626/464 591/624/463 623/675/495 624/676/496
f 593/628/465 592/626/464 624/676/496 625/677/497
f 594/630/466 593/628/465 625/677/497 626/678/498
f 595/632/467 594/630/466 626/678/498 627/679/499
f 596/634/468 595/632/467 627/679/499 628/680/500
f 597/636/469 596/634/468 628/680/500 629/681/501
f 598/638/470 597/636/469 629/681/501 630/682/502
f 599/640/471 598/638/470 630/682/502 631/683/503
f 600/642/472 599/640/471 631/683/503 632/684/504
f 601/644/473 600/642/472 632/684/504 633/685/505
f 602/646/474 601/644/473 633/685/505 634/686/506
f 603/648/475 602/646/474 634/686/506 635/687/507
f 604/650/476 603/648/475 635/687/507 636/688/508
f 605/652/477 604/650/476 636/688/508 637/689/509
f 606/654/478 605/652/477 637/689/509 638/690/510
f 607/656/479 606/654/478 638/690/510 639/691/511
f 608/658/480 607/656/479 639/691/511 640/692/512
f 609/660/481 608/658/480 640/692/512 641/693/513
f 578/661/450 609/660/481 641/693/513 610/694/482
f 611/663/483 610/662/482 642/695/514 643/696/515
f 612/664/484 611/663/483 643/696/515 644/697/516
f 613/665/485 612/664/484 644/697/516 645/698/517
f 614/666/486 613/665/485 645/698/517 646/699/518
f 615/667/487 614/666/486 646/699/518 647/700/519
f 616/668/488 615/667/487 647/700/519 648/701/520
f 617/669/489 616/668/488 648/701/520 649/702/521
f 618/670/490 617/669/489 649/702/521 650/703/522
f 619/671/491 618/670/490 650/703/522 651/704/523
f 620/672/492 619/671/491 651/704/523 652/705/524
f 621/673/493 620/672/492 652/705/524 653/706/525
f 622/674/494 621/673/493 653/706/525 654/707/526
f 623/675/495 622/674/494 654/707/526 655/708/527
f 624/676/496 623/675/495 655/708/527 656/709/528
f 625/677/497 624/676/496 656/709/528 657/710/529
f 626/678/498 625/677/497 657/710/529 658/711/530
f 627/679/499 626/678/498 658/711/530 659/712/531
f 628/680/500 627/679/499 659/712/531 660/713/532
f 629/681/501 628/680/500 660/713/532 661/714/533
f 630/682/502 629/681/501 661/714/533 662/715/534
f 631/683/503 630/682/502 662/715/534 663/716/535
f 632/684/504 631/683/503 663/716/535 664/717/536
f 633/685/505 632/684/504 664/717/536 665/718/537
f 634/686/506 633/685/505 665/718/537 666/719/538
f 635/687/507 634/686/506 666/719/538 667/720/539
f 636/688/508 635/687/507 667/720/539 668/721/540
f 637/689/509 636/688/508 668/721/540 669/722/541
f 638/690/510 637/689/509 669/722/541 670/723/542
f 639/691/511 638/690/510 670/723/542 671/724/543
f 640/692/512 639/691/511 671/724/543 672/725/544
f 641/693/513 640/692/512 672/725/544 673/726/545
f 610/694/482 641/693/513 673/726/545 642/727/514
f 643/696/515 642/695/514 674/728/546 675/729/547
f 644/697/516 643/696/515 675/729/547 676/730/548
f 645/698/517 644/697/516 676/730/548 677/731/549
f 646/699/518 645/698/517 677/731/549 678/732/550
f 647/700/519 646/699/518 678/732/550 679/733/551
f 648/701/520 647/700/519 679/733/551 680/734/552
f 649/702/521 648/701/520 680/734/552 681/735/553
f 650/703/522 649/702/521 681/735/553 682/736/554
f 651/704/523 650/703/522 682/736/554 683/737/555
f 652/705/524 651/704/523 683/737/555 684/738/556
f 653/706/525 652/705/524 684/738/556 685/739/557
f 654/707/526 653/706/525 685/739/557 686/740/558
f 655/708/527 654/707/526 686/740/558 687/741/559
f 656/709/528 655/708/527 687/741/559 688/742/560
f 657/710/529 656/709/528 688/742/560 689/743/561
f 658/711/530 657/710/529 689/743/561 690/744/562
f 659/712/531 658/711/530 690/744/562 691/745/563
f 660/713/532 659/712/531 691/745/563 692/746/564
f 661/714/533 660/713/532 692/746/564 693/747/565
f 662/715/534 661/714/533 693/747/565 694/748/566
f 663/716/535 662/715/534 694/748/566 695/749/567
f 664/717/536 663/716/535 695/749/567 696/750/568
f 665/718/537 664/717/536 696/750/568 697/751/569
f 666/719/538 665/718/537 697/751/569 698/752/570
f 667/720/539 666/719/538 698/752/570 699/753/571
f 668/721/540 667/720/539 699/753/571 700/754/572
f 669/722/541 668/721/540 700/754/572 701/755/573
f 670/723/542 669/722/541 701/755/573 702/756/574
f 671/724/543 670/723/542 702/756/574 703/757/575
f 672/725/544 671/724/543 703/757/575 704/758/576
f 673/726/545 672/725/544 704/758/576 705/759/577
f 642/727/514 673/726/545 705/759/577 674/760/546
f 675/761/547 674/744/546 706/762/578
f 676/761/548 675/744/547 706/762/578
f 677/761/549 676/744/548 706/762/578
f 678/761/550 677/744/549 706/762/578
f 679/761/551 678/744/550 706/762/578
f 680/761/552 679/744/551 706/762/578
f 681/761/553 680/744/552 706/762/578
f 682/761/554 681/744/553 706/762/578
f 683/761/555 682/744/554 706/762/578
f 684/761/556 683/744/555 706/762/578
f 685/761/557 684/744/556 706/762/578
f 686/761/558 685/744/557 706/762/578
f 687/761/559 686/744/558 706/762/578
f 688/761/560 687/744/559 706/762/578
f 689/761/561 688/744/560 706/762/578
f 690/761/562 689/744/561 706/762/578
f 691/761/563 690/744/562 706/762/578
f 692/761/564 691/744/563 706/762/578
f 693/761/565 692/744/564 706/762/578
f 694/761/566 693/744/565 706/762/578
f 695/761/567 694/744/566 706/762/578
f 696/761/568 695/744/567 706/762/578
f 697/761/569 696/744/568 706/762/578
f 698/761/570 697/744/569 706/762/578
f 699/761/571 698/744/570 706/762/578
f 700/761/572 699/744/571 706/762/578
f 701/761/573 700/744/572 706/762/578
f 702/761/574 701/744/573 706/762/578
f 703/761/575 702/744/574 706/762/578
f 704/761/576 703/744/575 706/762/578
f 705/761/577 704/744/576 706/762/578
f 674/761/546 705/744/577 706/762/578
f 708/763/580 712/764/584 713/765/585 709/766/581
f 707/767/579 711/768/583 712/764/584 708/763/580
f 709/766/581 713/765/585 714/769/586 710/770/582
f 715/771/587 707/772/579 708/773/580
f 715/771/587 708/772/580 709/773/581
f 715/771/587 709/772/581 710/773/582
f 716/774/588 712/775/584 711/776/583
f 716/774/588 713/775/585 712/776/584
f 716/774/588 714/775/586 713/776/585
f 717/777/589 721/595/593 723/760/595 719/778/591
f 718/777/590 720/778/592 724/760/596 722/595/594
f 717/779/589 718/780/590 722/781/594 721/782/593
f 719/783/591 723/784/595 724/785/596 720/786/592
f 721/787/593 722/788/594 724/789/596 723/790/595
f 725/777/597 729/595/601 731/760/603 727/778/599
f 726/777/598 728/778/600 732/760/604 730/595/602
f 725/779/597 726/780/598 730/781/602 729/782/601
f 727/783/599 731/784/603 732/785/604 728/786/600
f 729/787/601 730/788/602 732/789/604 731/790/603
f 733/777/605 737/595/609 739/760/611 735/778/607
f 734/777/606 736/778/608 740/760/612 738/595/610
f 733/779/605 734/780/606 738/781/610 737/782/609
f 735/783/607 739/784/611 740/785/612 736/786/608
f 737/787/609 738/788/610 740/789/612 739/790/611
f 741/777/613 745/595/617 747/760/619 743/778/615
f 742/777/614 744/778/616 748/760/620 746/595/618
f 741/779/613 742/780/614 746/781/618 745/782/617
f 743/783/615 747/784/619 748/785/620 744/786/616
f 745/787/617 746/788/618 748/789/620 747/790/619
f 749/791/621 752/792/624 750/793/622
f 749/791/621 751/792/623 753/793/625
f 749/791/621 753/792/625 752/793/624
f 752/791/624 753/792/625 751/794/623 750/662/622
f 754/791/626 757/792/629 755/793/627
f 754/791/626 756/792/628 758/793/630
f 754/791/626 758/792/630 757/793/629
f 757/791/629 758/792/630 756/794/628 755/662/627
f 759/791/631 762/792/634 760/793/632
f 759/791/631 761/792/633 763/793/635
f 759/791/631 763/792/635 762/793/634
f 762/791/634 763/792/635 761/794/633 760/662/632
f 764/791/636 767/792/639 765/793/637
f 764/791/636 766/792/638 768/793/640
f 764/791/636 768/792/640 767/793/639
f 767/791/639 768/792/640 766/794/638 765/662/637
o Kh47M2_Warhead
v -0.360000 4.400000 0.000000
v -0.353083 4.400000 0.070233
v -0.332597 4.400000 0.137766
v -0.299329 4.400000 0.200005
v -0.254558 4.400000 0.254558
v -0.200005 4.400000 0.299329
v -0.137766 4.400000 0.332597
v -0.070233 4.400000 0.353083
v -0.000000 4.400000 0.360000
v 0.070233 4.400000 0.353083
v 0.137766 4.400000 0.332597
v 0.200005 4.400000 0.299329
v 0.254558 4.400000 0.254558
v 0.299329 4.400000 0.200005
v 0.332597 4.400000 0.137766
v 0.353083 4.400000 0.070233
v 0.360000 4.400000 0.000000
v 0.353083 4.400000 -0.070233
v 0.332597 4.400000 -0.137766
v 0.299329 4.400000 -0.200005
v 0.254558 4.400000 -0.254558
v 0.200005 4.400000 -0.299329
v 0.137766 4.400000 -0.332597
v 0.070233 4.400000 -0.353083
v 0.000000 4.400000 -0.360000
v -0.070233 4.400000 -0.353083
v -0.137766 4.400000 -0.332597
v -0.200005 4.400000 -0.299329
v -0.254558 4.400000 -0.254558
v -0.299329 4.400000 -0.200005
v -0.332597 4.400000 -0.137766
v -0.353083 4.400000 -0.070233
v -0.360000 4.680000 0.000000
v -0.353083 4.680000 0.070233
v -0.332597 4.680000 0.137766
v -0.299329 4.680000 0.200005
v -0.254558 4.680000 0.254558
v -0.200005 4.680000 0.299329
v -0.137766 4.680000 0.332597
v -0.070233 4.680000 0.353083
v -0.000000 4.680000 0.360000
v 0.070233 4.680000 0.353083
v 0.137766 4.680000 0.332597
v 0.200005 4.680000 0.299329
v 0.254558 4.680000 0.254558
v 0.299329 4.680000 0.200005
v 0.332597 4.680000 0.137766
v 0.353083 4.680000 0.070233
v 0.360000 4.680000 0.000000
v 0.353083 4.680000 -0.070233
v 0.332597 4.680000 -0.137766
v 0.299329 4.680000 -0.200005
v 0.254558 4.680000 -0.254558
v 0.200005 4.680000 -0.299329
v 0.137766 4.680000 -0.332597
v 0.070233 4.680000 -0.353083
v 0.000000 4.680000 -0.360000
v -0.070233 4.680000 -0.353083
v -0.137766 4.680000 -0.332597
v -0.200005 4.680000 -0.299329
v -0.254558 4.680000 -0.254558
v -0.299329 4.680000 -0.200005
v -0.332597 4.680000 -0.137766
v -0.353083 4.680000 -0.070233
v -0.360000 4.950000 0.000000
v -0.353083 4.950000 0.070233
v -0.332597 4.950000 0.137766
v -0.299329 4.950000 0.200005
v -0.254558 4.950000 0.254558
v -0.200005 4.950000 0.299329
v -0.137766 4.950000 0.332597
v -0.070233 4.950000 0.353083
v -0.000000 4.950000 0.360000
v 0.070233 4.950000 0.353083
v 0.137766 4.950000 0.332597
v 0.200005 4.950000 0.299329
v 0.254558 4.950000 0.254558
v 0.299329 4.950000 0.200005
v 0.332597 4.950000 0.137766
v 0.353083 4.950000 0.070233
v 0.360000 4.950000 0.000000
v 0.353083 4.950000 -0.070233
v 0.332597 4.950000 -0.137766
v 0.299329 4.950000 -0.200005
v 0.254558 4.950000 -0.254558
v 0.200005 4.950000 -0.299329
v 0.137766 4.950000 -0.332597
v 0.070233 4.950000 -0.353083
v 0.000000 4.950000 -0.360000
v -0.070233 4.950000 -0.353083
v -0.137766 4.950000 -0.332597
v -0.200005 4.950000 -0.299329
v -0.254558 4.950000 -0.254558
v -0.299329 4.950000 -0.200005
v -0.332597 4.950000 -0.137766
v -0.353083 4.950000 -0.070233
v -0.470000 5.050000 0.000000
v -0.460969 5.050000 0.091692
v -0.434223 5.050000 0.179861
v -0.390791 5.050000 0.261118
v -0.332340 5.050000 0.332340
v -0.261118 5.050000 0.390791
v -0.179861 5.050000 0.434223
v -0.091692 5.050000 0.460969
v -0.000000 5.050000 0.470000
v 0.091692 5.050000 0.460969
v 0.179861 5.050000 0.434223
v 0.261118 5.050000 0.390791
v 0.332340 5.050000 0.332340
v 0.390791 5.050000 0.261118
v 0.434223 5.050000 0.179861
v 0.460969 5.050000 0.091692
v 0.470000 5.050000 0.000000
v 0.460969 5.050000 -0.091692
v 0.434223 5.050000 -0.179861
v 0.390791 5.050000 -0.261118
v 0.332340 5.050000 -0.332340
v 0.261118 5.050000 -0.390791
v 0.179861 5.050000 -0.434223
v 0.091692 5.050000 -0.460969
v 0.000000 5.050000 -0.470000
v -0.091692 5.050000 -0.460969
v -0.179861 5.050000 -0.434223
v -0.261118 5.050000 -0.390791
v -0.332340 5.050000 -0.332340
v -0.390791 5.050000 -0.261118
v -0.434223 5.050000 -0.179861
v -0.460969 5.050000 -0.091692
v -0.470000 5.100000 0.000000
v -0.460969 5.100000 0.091692
v -0.434223 5.100000 0.179861
v -0.390791 5.100000 0.261118
v -0.332340 5.100000 0.332340
v -0.261118 5.100000 0.390791
v -0.179861 5.100000 0.434223
v -0.091692 5.100000 0.460969
v -0.000000 5.100000 0.470000
v 0.091692 5.100000 0.460969
v 0.179861 5.100000 0.434223
v 0.261118 5.100000 0.390791
v 0.332340 5.100000 0.332340
v 0.390791 5.100000 0.261118
v 0.434223 5.100000 0.179861
v 0.460969 5.100000 0.091692
v 0.470000 5.100000 0.000000
v 0.460969 5.100000 -0.091692
v 0.434223 5.100000 -0.179861
v 0.390791 5.100000 -0.261118
v 0.332340 5.100000 -0.332340
v 0.261118 5.100000 -0.390791
v 0.179861 5.100000 -0.434223
v 0.091692 5.100000 -0.460969
v 0.000000 5.100000 -0.470000
v -0.091692 5.100000 -0.460969
v -0.179861 5.100000 -0.434223
v -0.261118 5.100000 -0.390791
v -0.332340 5.100000 -0.332340
v -0.390791 5.100000 -0.261118
v -0.434223 5.100000 -0.179861
v -0.460969 5.100000 -0.091692
v -0.435000 5.500000 0.000000
v -0.426642 5.500000 0.084864
v -0.401888 5.500000 0.166467
v -0.361689 5.500000 0.241673
v -0.307591 5.500000 0.307591
v -0.241673 5.500000 0.361689
v -0.166467 5.500000 0.401888
v -0.084864 5.500000 0.426642
v -0.000000 5.500000 0.435000
v 0.084864 5.500000 0.426642
v 0.166467 5.500000 0.401888
v 0.241673 5.500000 0.361689
v 0.307591 5.500000 0.307591
v 0.361689 5.500000 0.241673
v 0.401888 5.500000 0.166467
v 0.426642 5.500000 0.084864
v 0.435000 5.500000 0.000000
v 0.426642 5.500000 -0.084864
v 0.401888 5.500000 -0.166467
v 0.361689 5.500000 -0.241673
v 0.307591 5.500000 -0.307591
v 0.241673 5.500000 -0.361689
v 0.166467 5.500000 -0.401888
v 0.084864 5.500000 -0.426642
v 0.000000 5.500000 -0.435000
v -0.084864 5.500000 -0.426642
v -0.166467 5.500000 -0.401888
v -0.241673 5.500000 -0.361689
v -0.307591 5.500000 -0.307591
v -0.361689 5.500000 -0.241673
v -0.401888 5.500000 -0.166467
v -0.426642 5.500000 -0.084864
v -0.370000 6.050000 0.000000
v -0.362891 6.050000 0.072183
v -0.341835 6.050000 0.141593
v -0.307644 6.050000 0.205561
v -0.261630 6.050000 0.261630
v -0.205561 6.050000 0.307644
v -0.141593 6.050000 0.341835
v -0.072183 6.050000 0.362891
v -0.000000 6.050000 0.370000
v 0.072183 6.050000 0.362891
v 0.141593 6.050000 0.341835
v 0.205561 6.050000 0.307644
v 0.261630 6.050000 0.261630
v 0.307644 6.050000 0.205561
v 0.341835 6.050000 0.141593
v 0.362891 6.050000 0.072183
v 0.370000 6.050000 0.000000
v 0.362891 6.050000 -0.072183
v 0.341835 6.050000 -0.141593
v 0.307644 6.050000 -0.205561
v 0.261630 6.050000 -0.261630
v 0.205561 6.050000 -0.307644
v 0.141593 6.050000 -0.341835
v 0.072183 6.050000 -0.362891
v 0.000000 6.050000 -0.370000
v -0.072183 6.050000 -0.362891
v -0.141593 6.050000 -0.341835
v -0.205561 6.050000 -0.307644
v -0.261630 6.050000 -0.261630
v -0.307644 6.050000 -0.205561
v -0.341835 6.050000 -0.141593
v -0.362891 6.050000 -0.072183
v -0.270000 6.700000 0.000000
v -0.264812 6.700000 0.052674
v -0.249447 6.700000 0.103325
v -0.224497 6.700000 0.150004
v -0.190919 6.700000 0.190919
v -0.150004 6.700000 0.224497
v -0.103325 6.700000 0.249447
v -0.052674 6.700000 0.264812
v -0.000000 6.700000 0.270000
v 0.052674 6.700000 0.264812
v 0.103325 6.700000 0.249447
v 0.150004 6.700000 0.224497
v 0.190919 6.700000 0.190919
v 0.224497 6.700000 0.150004
v 0.249447 6.700000 0.103325
v 0.264812 6.700000 0.052674
v 0.270000 6.700000 0.000000
v 0.264812 6.700000 -0.052674
v 0.249447 6.700000 -0.103325
v 0.224497 6.700000 -0.150004
v 0.190919 6.700000 -0.190919
v 0.150004 6.700000 -0.224497
v 0.103325 6.700000 -0.249447
v 0.052674 6.700000 -0.264812
v 0.000000 6.700000 -0.270000
v -0.052674 6.700000 -0.264812
v -0.103325 6.700000 -0.249447
v -0.150004 6.700000 -0.224497
v -0.190919 6.700000 -0.190919
v -0.224497 6.700000 -0.150004
v -0.249447 6.700000 -0.103325
v -0.264812 6.700000 -0.052674
v -0.170000 7.200000 0.000000
v -0.166734 7.200000 0.033165
v -0.157060 7.200000 0.065056
v -0.141350 7.200000 0.094447
v -0.120208 7.200000 0.120208
v -0.094447 7.200000 0.141350
v -0.065056 7.200000 0.157060
v -0.033165 7.200000 0.166734
v -0.000000 7.200000 0.170000
v 0.033165 7.200000 0.166734
v 0.065056 7.200000 0.157060
v 0.094447 7.200000 0.141350
v 0.120208 7.200000 0.120208
v 0.141350 7.200000 0.094447
v 0.157060 7.200000 0.065056
v 0.166734 7.200000 0.033165
v 0.170000 7.200000 0.000000
v 0.166734 7.200000 -0.033165
v 0.157060 7.200000 -0.065056
v 0.141350 7.200000 -0.094447
v 0.120208 7.200000 -0.120208
v 0.094447 7.200000 -0.141350
v 0.065056 7.200000 -0.157060
v 0.033165 7.200000 -0.166734
v 0.000000 7.200000 -0.170000
v -0.033165 7.200000 -0.166734
v -0.065056 7.200000 -0.157060
v -0.094447 7.200000 -0.141350
v -0.120208 7.200000 -0.120208
v -0.141350 7.200000 -0.094447
v -0.157060 7.200000 -0.065056
v -0.166734 7.200000 -0.033165
v -0.115000 7.450000 0.000000
v -0.112790 7.450000 0.022435
v -0.106246 7.450000 0.044009
v -0.095619 7.450000 0.063891
v -0.081317 7.450000 0.081317
v -0.063891 7.450000 0.095619
v -0.044009 7.450000 0.106246
v -0.022435 7.450000 0.112790
v -0.000000 7.450000 0.115000
v 0.022435 7.450000 0.112790
v 0.044009 7.450000 0.106246
v 0.063891 7.450000 0.095619
v 0.081317 7.450000 0.081317
v 0.095619 7.450000 0.063891
v 0.106246 7.450000 0.044009
v 0.112790 7.450000 0.022435
v 0.115000 7.450000 0.000000
v 0.112790 7.450000 -0.022435
v 0.106246 7.450000 -0.044009
v 0.095619 7.450000 -0.063891
v 0.081317 7.450000 -0.081317
v 0.063891 7.450000 -0.095619
v 0.044009 7.450000 -0.106246
v 0.022435 7.450000 -0.112790
v 0.000000 7.450000 -0.115000
v -0.022435 7.450000 -0.112790
v -0.044009 7.450000 -0.106246
v -0.063891 7.450000 -0.095619
v -0.081317 7.450000 -0.081317
v -0.095619 7.450000 -0.063891
v -0.106246 7.450000 -0.044009
v -0.112790 7.450000 -0.022435
v -0.055000 7.680000 0.000000
v -0.053943 7.680000 0.010730
v -0.050813 7.680000 0.021048
v -0.045731 7.680000 0.030556
v -0.038891 7.680000 0.038891
v -0.030556 7.680000 0.045731
v -0.021048 7.680000 0.050813
v -0.010730 7.680000 0.053943
v -0.000000 7.680000 0.055000
v 0.010730 7.680000 0.053943
v 0.021048 7.680000 0.050813
v 0.030556 7.680000 0.045731
v 0.038891 7.680000 0.038891
v 0.045731 7.680000 0.030556
v 0.050813 7.680000 0.021048
v 0.053943 7.680000 0.010730
v 0.055000 7.680000 0.000000
v 0.053943 7.680000 -0.010730
v 0.050813 7.680000 -0.021048
v 0.045731 7.680000 -0.030556
v 0.038891 7.680000 -0.038891
v 0.030556 7.680000 -0.045731
v 0.021048 7.680000 -0.050813
v 0.010730 7.680000 -0.053943
v 0.000000 7.680000 -0.055000
v -0.010730 7.680000 -0.053943
v -0.021048 7.680000 -0.050813
v -0.030556 7.680000 -0.045731
v -0.038891 7.680000 -0.038891
v -0.045731 7.680000 -0.030556
v -0.050813 7.680000 -0.021048
v -0.053943 7.680000 -0.010730
v -0.018000 7.780000 0.000000
v -0.017654 7.780000 0.003512
v -0.016630 7.780000 0.006888
v -0.014966 7.780000 0.010000
v -0.012728 7.780000 0.012728
v -0.010000 7.780000 0.014966
v -0.006888 7.780000 0.016630
v -0.003512 7.780000 0.017654
v -0.000000 7.780000 0.018000
v 0.003512 7.780000 0.017654
v 0.006888 7.780000 0.016630
v 0.010000 7.780000 0.014966
v 0.012728 7.780000 0.012728
v 0.014966 7.780000 0.010000
v 0.016630 7.780000 0.006888
v 0.017654 7.780000 0.003512
v 0.018000 7.780000 0.000000
v 0.017654 7.780000 -0.003512
v 0.016630 7.780000 -0.006888
v 0.014966 7.780000 -0.010000
v 0.012728 7.780000 -0.012728
v 0.010000 7.780000 -0.014966
v 0.006888 7.780000 -0.016630
v 0.003512 7.780000 -0.017654
v 0.000000 7.780000 -0.018000
v -0.003512 7.780000 -0.017654
v -0.006888 7.780000 -0.016630
v -0.010000 7.780000 -0.014966
v -0.012728 7.780000 -0.012728
v -0.014966 7.780000 -0.010000
v -0.016630 7.780000 -0.006888
v -0.017654 7.780000 -0.003512
v 0.000000 7.800000 0.000000
v 0.000000 4.400000 0.000000
v -0.360000 4.575000 -0.065000
v -0.360000 4.575000 0.065000
v -0.360000 4.785000 0.065000
v -0.360000 4.785000 -0.065000
v -0.380000 4.585500 -0.058500
v -0.380000 4.585500 0.058500
v -0.380000 4.774500 0.058500
v -0.380000 4.774500 -0.058500
v -0.065000 4.575000 0.360000
v 0.065000 4.575000 0.360000
v 0.065000 4.785000 0.360000
v -0.065000 4.785000 0.360000
v -0.058500 4.585500 0.380000
v 0.058500 4.585500 0.380000
v 0.058500 4.774500 0.380000
v -0.058500 4.774500 0.380000
v 0.360000 4.575000 0.065000
v 0.360000 4.575000 -0.065000
v 0.360000 4.785000 -0.065000
v 0.360000 4.785000 0.065000
v 0.380000 4.585500 0.058500
v 0.380000 4.585500 -0.058500
v 0.380000 4.774500 -0.058500
v 0.380000 4.774500 0.058500
v 0.065000 4.575000 -0.360000
v -0.065000 4.575000 -0.360000
v -0.065000 4.785000 -0.360000
v 0.065000 4.785000 -0.360000
v 0.058500 4.585500 -0.380000
v -0.058500 4.585500 -0.380000
v -0.058500 4.774500 -0.380000
v 0.058500 4.774500 -0.380000
vn -0.9952 -0.0000 0.0980
vn -0.9808 -0.0000 0.1951
vn -1.0000 -0.0000 -0.0000
vn -0.9569 -0.0000 0.2903
vn -0.9239 -0.0000 0.3827
vn -0.8819 -0.0000 0.4714
vn -0.8315 -0.0000 0.5556
vn -0.7730 -0.0000 0.6344
vn -0.7071 -0.0000 0.7071
vn -0.6344 -0.0000 0.7730
vn -0.5556 -0.0000 0.8315
vn -0.4714 -0.0000 0.8819
vn -0.3827 -0.0000 0.9239
vn -0.2903 -0.0000 0.9569
vn -0.1951 -0.0000 0.9808
vn -0.0980 -0.0000 0.9952
vn -0.0000 -0.0000 1.0000
vn 0.0980 -0.0000 0.9952
vn 0.1951 -0.0000 0.9808
vn 0.2903 -0.0000 0.9569
vn 0.3827 -0.0000 0.9239
vn 0.4714 -0.0000 0.8819
vn 0.5556 -0.0000 0.8315
vn 0.6344 -0.0000 0.7730
vn 0.7071 -0.0000 0.7071
vn 0.7730 -0.0000 0.6344
vn 0.8315 -0.0000 0.5556
vn 0.8819 -0.0000 0.4714
vn 0.9239 -0.0000 0.3827
vn 0.9569 -0.0000 0.2903
vn 0.9808 -0.0000 0.1951
vn 0.9952 -0.0000 0.0980
vn 1.0000 -0.0000 -0.0000
vn 0.9952 -0.0000 -0.0980
vn 0.9808 -0.0000 -0.1951
vn 0.9569 -0.0000 -0.2903
vn 0.9239 -0.0000 -0.3827
vn 0.8819 -0.0000 -0.4714
vn 0.8315 -0.0000 -0.5556
vn 0.7730 -0.0000 -0.6344
vn 0.7071 -0.0000 -0.7071
vn 0.6344 -0.0000 -0.7730
vn 0.5556 -0.0000 -0.8315
vn 0.4714 -0.0000 -0.8819
vn 0.3827 -0.0000 -0.9239
vn 0.2903 -0.0000 -0.9569
vn 0.1951 -0.0000 -0.9808
vn 0.0980 -0.0000 -0.9952
vn -0.0000 -0.0000 -1.0000
vn -0.0980 -0.0000 -0.9952
vn -0.1951 -0.0000 -0.9808
vn -0.2903 -0.0000 -0.9569
vn -0.3827 -0.0000 -0.9239
vn -0.4714 -0.0000 -0.8819
vn -0.5556 -0.0000 -0.8315
vn -0.6344 -0.0000 -0.7730
vn -0.7071 -0.0000 -0.7071
vn -0.7730 -0.0000 -0.6344
vn -0.8315 -0.0000 -0.5556
vn -0.8819 -0.0000 -0.4714
vn -0.9239 -0.0000 -0.3827
vn -0.9569 -0.0000 -0.2903
vn -0.9808 -0.0000 -0.1951
vn -0.9952 -0.0000 -0.0980
vn -0.8927 -0.4142 0.1776
vn -0.9102 -0.4142 -0.0000
vn -0.8409 -0.4142 0.3483
vn -0.7568 -0.4142 0.5057
vn -0.6436 -0.4142 0.6436
vn -0.5057 -0.4142 0.7568
vn -0.3483 -0.4142 0.8409
vn -0.1776 -0.4142 0.8927
vn -0.0000 -0.4142 0.9102
vn 0.1776 -0.4142 0.8927
vn 0.3483 -0.4142 0.8409
vn 0.5057 -0.4142 0.7568
vn 0.6436 -0.4142 0.6436
vn 0.7568 -0.4142 0.5057
vn 0.8409 -0.4142 0.3483
vn 0.8927 -0.4142 0.1776
vn 0.9102 -0.4142 -0.0000
vn 0.8927 -0.4142 -0.1776
vn 0.8409 -0.4142 -0.3483
vn 0.7568 -0.4142 -0.5057
vn 0.6436 -0.4142 -0.6436
vn 0.5057 -0.4142 -0.7568
vn 0.3483 -0.4142 -0.8409
vn 0.1776 -0.4142 -0.8927
vn -0.0000 -0.4142 -0.9102
vn -0.1776 -0.4142 -0.8927
vn -0.3483 -0.4142 -0.8409
vn -0.5057 -0.4142 -0.7568
vn -0.6436 -0.4142 -0.6436
vn -0.7568 -0.4142 -0.5057
vn -0.8409 -0.4142 -0.3483
vn -0.8927 -0.4142 -0.1776
vn -0.9008 -0.3955 0.1792
vn -0.9185 -0.3955 -0.0000
vn -0.8485 -0.3955 0.3515
vn -0.7637 -0.3955 0.5103
vn -0.6495 -0.3955 0.6495
vn -0.5103 -0.3955 0.7637
vn -0.3515 -0.3955 0.8485
vn -0.1792 -0.3955 0.9008
vn -0.0000 -0.3955 0.9185
vn 0.1792 -0.3955 0.9008
vn 0.3515 -0.3955 0.8486
vn 0.5103 -0.3955 0.7637
vn 0.6495 -0.3955 0.6495
vn 0.7637 -0.3955 0.5103
vn 0.8485 -0.3955 0.3515
vn 0.9008 -0.3955 0.1792
vn 0.9185 -0.3955 -0.0000
vn 0.9008 -0.3955 -0.1792
vn 0.8485 -0.3955 -0.3515
vn 0.7637 -0.3955 -0.5103
vn 0.6495 -0.3955 -0.6495
vn 0.5103 -0.3955 -0.7637
vn 0.3515 -0.3955 -0.8486
vn 0.1792 -0.3955 -0.9008
vn -0.0000 -0.3955 -0.9185
vn -0.1792 -0.3955 -0.9008
vn -0.3515 -0.3955 -0.8486
vn -0.5103 -0.3955 -0.7637
vn -0.6495 -0.3955 -0.6495
vn -0.7637 -0.3955 -0.5103
vn -0.8486 -0.3955 -0.3515
vn -0.9008 -0.3955 -0.1792
vn -0.9799 0.0435 0.1949
vn -0.9991 0.0435 -0.0000
vn -0.9230 0.0435 0.3823
vn -0.8307 0.0435 0.5550
vn -0.7064 0.0435 0.7064
vn -0.5550 0.0435 0.8307
vn -0.3823 0.0435 0.9230
vn -0.1949 0.0435 0.9799
vn -0.0000 0.0435 0.9991
vn 0.1949 0.0435 0.9799
vn 0.3823 0.0435 0.9230
vn 0.5550 0.0435 0.8307
vn 0.7064 0.0435 0.7064
vn 0.8307 0.0435 0.5550
vn 0.9230 0.0435 0.3823
vn 0.9799 0.0435 0.1949
vn 0.9991 0.0435 -0.0000
vn 0.9799 0.0435 -0.1949
vn 0.9230 0.0435 -0.3823
vn 0.8307 0.0435 -0.5550
vn 0.7064 0.0435 -0.7064
vn 0.5550 0.0435 -0.8307
vn 0.3823 0.0435 -0.9230
vn 0.1949 0.0435 -0.9799
vn -0.0000 0.0435 -0.9991
vn -0.1949 0.0435 -0.9799
vn -0.3823 0.0435 -0.9230
vn -0.5550 0.0435 -0.8307
vn -0.7064 0.0435 -0.7064
vn -0.8307 0.0435 -0.5550
vn -0.9230 0.0435 -0.3823
vn -0.9799 0.0435 -0.1949
vn -0.9757 0.1022 0.1941
vn -0.9948 0.1022 -0.0000
vn -0.9190 0.1022 0.3807
vn -0.8271 0.1022 0.5527
vn -0.7034 0.1022 0.7034
vn -0.5527 0.1022 0.8271
vn -0.3807 0.1022 0.9190
vn -0.1941 0.1022 0.9757
vn -0.0000 0.1022 0.9948
vn 0.1941 0.1022 0.9757
vn 0.3807 0.1022 0.9190
vn 0.5527 0.1022 0.8271
vn 0.7034 0.1022 0.7034
vn 0.8271 0.1022 0.5527
vn 0.9190 0.1022 0.3807
vn 0.9757 0.1022 0.1941
vn 0.9948 0.1022 -0.0000
vn 0.9757 0.1022 -0.1941
vn 0.9190 0.1022 -0.3807
vn 0.8271 0.1022 -0.5527
vn 0.7034 0.1022 -0.7034
vn 0.5527 0.1022 -0.8271
vn 0.3807 0.1022 -0.9190
vn 0.1941 0.1022 -0.9757
vn -0.0000 0.1022 -0.9948
vn -0.1941 0.1022 -0.9757
vn -0.3807 0.1022 -0.9190
vn -0.5527 0.1022 -0.8271
vn -0.7034 0.1022 -0.7034
vn -0.8271 0.1022 -0.5527
vn -0.9190 0.1022 -0.3807
vn -0.9757 0.1022 -0.1941
vn -0.9719 0.1346 0.1933
vn -0.9909 0.1346 -0.0000
vn -0.9155 0.1346 0.3792
vn -0.8239 0.1346 0.5505
vn -0.7007 0.1346 0.7007
vn -0.5505 0.1346 0.8239
vn -0.3792 0.1346 0.9155
vn -0.1933 0.1346 0.9719
vn -0.0000 0.1346 0.9909
vn 0.1933 0.1346 0.9719
vn 0.3792 0.1346 0.9155
vn 0.5505 0.1346 0.8239
vn 0.7007 0.1346 0.7007
vn 0.8239 0.1346 0.5505
vn 0.9155 0.1346 0.3792
vn 0.9719 0.1346 0.1933
vn 0.9909 0.1346 -0.0000
vn 0.9719 0.1346 -0.1933
vn 0.9155 0.1346 -0.3792
vn 0.8239 0.1346 -0.5505
vn 0.7007 0.1346 -0.7007
vn 0.5505 0.1346 -0.8239
vn 0.3792 0.1346 -0.9155
vn 0.1933 0.1346 -0.9719
vn -0.0000 0.1346 -0.9909
vn -0.1933 0.1346 -0.9719
vn -0.3792 0.1346 -0.9155
vn -0.5505 0.1346 -0.8239
vn -0.7007 0.1346 -0.7007
vn -0.8239 0.1346 -0.5505
vn -0.9155 0.1346 -0.3792
vn -0.9719 0.1346 -0.1933
vn -0.9658 0.1739 0.1921
vn -0.9848 0.1739 -0.0000
vn -0.9098 0.1739 0.3769
vn -0.8188 0.1739 0.5471
vn -0.6963 0.1739 0.6963
vn -0.5471 0.1739 0.8188
vn -0.3769 0.1739 0.9098
vn -0.1921 0.1739 0.9658
vn -0.0000 0.1739 0.9848
vn 0.1921 0.1739 0.9658
vn 0.3769 0.1739 0.9098
vn 0.5471 0.1739 0.8188
vn 0.6963 0.1739 0.6963
vn 0.8188 0.1739 0.5471
vn 0.9098 0.1739 0.3769
vn 0.9658 0.1739 0.1921
vn 0.9848 0.1739 -0.0000
vn 0.9658 0.1739 -0.1921
vn 0.9098 0.1739 -0.3769
vn 0.8188 0.1739 -0.5471
vn 0.6963 0.1739 -0.6963
vn 0.5471 0.1739 -0.8188
vn 0.3769 0.1739 -0.9098
vn 0.1921 0.1739 -0.9658
vn -0.0000 0.1739 -0.9848
vn -0.1921 0.1739 -0.9658
vn -0.3769 0.1739 -0.9098
vn -0.5471 0.1739 -0.8188
vn -0.6963 0.1739 -0.6963
vn -0.8188 0.1739 -0.5471
vn -0.9098 0.1739 -0.3769
vn -0.9658 0.1739 -0.1921
vn -0.9599 0.2054 0.1909
vn -0.9787 0.2054 -0.0000
vn -0.9042 0.2054 0.3745
vn -0.8137 0.2054 0.5437
vn -0.6920 0.2054 0.6920
vn -0.5437 0.2054 0.8137
vn -0.3745 0.2054 0.9042
vn -0.1909 0.2054 0.9599
vn -0.0000 0.2054 0.9787
vn 0.1909 0.2054 0.9599
vn 0.3745 0.2054 0.9042
vn 0.5437 0.2054 0.8137
vn 0.6920 0.2054 0.6920
vn 0.8137 0.2054 0.5437
vn 0.9042 0.2054 0.3745
vn 0.9599 0.2054 0.1909
vn 0.9787 0.2054 -0.0000
vn 0.9599 0.2054 -0.1909
vn 0.9042 0.2054 -0.3745
vn 0.8137 0.2054 -0.5437
vn 0.6920 0.2054 -0.6920
vn 0.5437 0.2054 -0.8137
vn 0.3745 0.2054 -0.9042
vn 0.1909 0.2054 -0.9599
vn -0.0000 0.2054 -0.9787
vn -0.1909 0.2054 -0.9599
vn -0.3745 0.2054 -0.9042
vn -0.5437 0.2054 -0.8137
vn -0.6920 0.2054 -0.6920
vn -0.8137 0.2054 -0.5437
vn -0.9042 0.2054 -0.3745
vn -0.9599 0.2054 -0.1909
vn -0.9537 0.2334 0.1897
vn -0.9724 0.2334 -0.0000
vn -0.8984 0.2334 0.3721
vn -0.8085 0.2334 0.5402
vn -0.6876 0.2334 0.6876
vn -0.5402 0.2334 0.8085
vn -0.3721 0.2334 0.8984
vn -0.1897 0.2334 0.9537
vn -0.0000 0.2334 0.9724
vn 0.1897 0.2334 0.9537
vn 0.3721 0.2334 0.8984
vn 0.5402 0.2334 0.8085
vn 0.6876 0.2334 0.6876
vn 0.8085 0.2334 0.5402
vn 0.8984 0.2334 0.3721
vn 0.9537 0.2334 0.1897
vn 0.9724 0.2334 -0.0000
vn 0.9537 0.2334 -0.1897
vn 0.8984 0.2334 -0.3721
vn 0.8085 0.2334 -0.5402
vn 0.6876 0.2334 -0.6876
vn 0.5402 0.2334 -0.8085
vn 0.3721 0.2334 -0.8984
vn 0.1897 0.2334 -0.9537
vn -0.0000 0.2334 -0.9724
vn -0.1897 0.2334 -0.9537
vn -0.3721 0.2334 -0.8984
vn -0.5402 0.2334 -0.8085
vn -0.6876 0.2334 -0.6876
vn -0.8085 0.2334 -0.5402
vn -0.8984 0.2334 -0.3721
vn -0.9537 0.2334 -0.1897
vn -0.9359 0.2992 0.1862
vn -0.9542 0.2992 -0.0000
vn -0.8816 0.2992 0.3652
vn -0.7934 0.2992 0.5301
vn -0.6747 0.2992 0.6747
vn -0.5301 0.2992 0.7934
vn -0.3652 0.2992 0.8816
vn -0.1862 0.2992 0.9359
vn -0.0000 0.2992 0.9542
vn 0.1862 0.2992 0.9359
vn 0.3652 0.2992 0.8816
vn 0.5301 0.2992 0.7934
vn 0.6747 0.2992 0.6747
vn 0.7934 0.2992 0.5301
vn 0.8816 0.2992 0.3652
vn 0.9359 0.2992 0.1862
vn 0.9542 0.2992 -0.0000
vn 0.9359 0.2992 -0.1862
vn 0.8816 0.2992 -0.3652
vn 0.7934 0.2992 -0.5301
vn 0.6747 0.2992 -0.6747
vn 0.5301 0.2992 -0.7934
vn 0.3652 0.2992 -0.8816
vn 0.1862 0.2992 -0.9359
vn -0.0000 0.2992 -0.9542
vn -0.1862 0.2992 -0.9359
vn -0.3652 0.2992 -0.8816
vn -0.5301 0.2992 -0.7934
vn -0.6747 0.2992 -0.6747
vn -0.7934 0.2992 -0.5301
vn -0.8816 0.2992 -0.3652
vn -0.9359 0.2992 -0.1862
vn -0.8424 0.5121 0.1676
vn -0.8589 0.5121 -0.0000
vn -0.7936 0.5121 0.3287
vn -0.7142 0.5121 0.4772
vn -0.6073 0.5121 0.6074
vn -0.4772 0.5121 0.7142
vn -0.3287 0.5121 0.7935
vn -0.1676 0.5121 0.8424
vn -0.0000 0.5121 0.8589
vn 0.1676 0.5121 0.8424
vn 0.3287 0.5121 0.7936
vn 0.4772 0.5121 0.7142
vn 0.6073 0.5121 0.6074
vn 0.7142 0.5121 0.4772
vn 0.7935 0.5121 0.3287
vn 0.8424 0.5121 0.1676
vn 0.8589 0.5121 -0.0000
vn 0.8424 0.5121 -0.1676
vn 0.7936 0.5121 -0.3287
vn 0.7142 0.5121 -0.4772
vn 0.6073 0.5121 -0.6074
vn 0.4772 0.5121 -0.7142
vn 0.3287 0.5121 -0.7935
vn 0.1676 0.5121 -0.8424
vn -0.0000 0.5121 -0.8589
vn -0.1676 0.5121 -0.8424
vn -0.3287 0.5121 -0.7936
vn -0.4772 0.5121 -0.7142
vn -0.6073 0.5121 -0.6074
vn -0.7142 0.5121 -0.4772
vn -0.7935 0.5121 -0.3287
vn -0.8424 0.5121 -0.1676
vn -0.0000 1.0000 -0.0000
vn -0.0000 -1.0000 -0.0000
vn -0.7700 -0.4124 -0.4868
vn -0.7700 -0.4124 0.4868
vn -0.7700 0.4124 0.4868
vn -0.7700 0.4124 -0.4868
vn -0.5184 -0.6287 -0.5796
vn -0.5184 -0.6287 0.5796
vn -0.5184 0.6287 0.5796
vn -0.5184 0.6287 -0.5796
vn -0.4868 -0.4124 0.7700
vn 0.4868 -0.4124 0.7700
vn 0.4868 0.4124 0.7700
vn -0.4868 0.4124 0.7700
vn -0.5796 -0.6287 0.5184
vn 0.5796 -0.6287 0.5184
vn 0.5796 0.6287 0.5184
vn -0.5796 0.6287 0.5184
vn 0.7700 -0.4124 0.4868
vn 0.7700 -0.4124 -0.4868
vn 0.7700 0.4124 -0.4868
vn 0.7700 0.4124 0.4868
vn 0.5184 -0.6287 0.5796
vn 0.5184 -0.6287 -0.5796
vn 0.5184 0.6287 -0.5796
vn 0.5184 0.6287 0.5796
vn 0.4868 -0.4124 -0.7700
vn -0.4868 -0.4124 -0.7700
vn -0.4868 0.4124 -0.7700
vn 0.4868 0.4124 -0.7700
vn 0.5796 -0.6287 -0.5184
vn -0.5796 -0.6287 -0.5184
vn -0.5796 0.6287 -0.5184
vn 0.5796 0.6287 -0.5184
vt 0.500000 0.100000
vt 0.510938 0.100000
vt 0.510938 0.140000
vt 0.500000 0.140000
vt 0.521875 0.100000
vt 0.521875 0.140000
vt 0.532812 0.100000
vt 0.532812 0.140000
vt 0.543750 0.100000
vt 0.543750 0.140000
vt 0.554688 0.100000
vt 0.554688 0.140000
vt 0.565625 0.100000
vt 0.565625 0.140000
vt 0.576563 0.100000
vt 0.576563 0.140000
vt 0.587500 0.100000
vt 0.587500 0.140000
vt 0.598437 0.100000
vt 0.598437 0.140000
vt 0.609375 0.100000
vt 0.609375 0.140000
vt 0.620313 0.100000
vt 0.620313 0.140000
vt 0.631250 0.100000
vt 0.631250 0.140000
vt 0.642187 0.100000
vt 0.642187 0.140000
vt 0.653125 0.100000
vt 0.653125 0.140000
vt 0.664062 0.100000
vt 0.664062 0.140000
vt 0.675000 0.100000
vt 0.675000 0.140000
vt 0.685938 0.100000
vt 0.685938 0.140000
vt 0.696875 0.100000
vt 0.696875 0.140000
vt 0.707812 0.100000
vt 0.707812 0.140000
vt 0.718750 0.100000
vt 0.718750 0.140000
vt 0.729688 0.100000
vt 0.729688 0.140000
vt 0.740625 0.100000
vt 0.740625 0.140000
vt 0.751562 0.100000
vt 0.751562 0.140000
vt 0.762500 0.100000
vt 0.762500 0.140000
vt 0.773438 0.100000
vt 0.773438 0.140000
vt 0.784375 0.100000
vt 0.784375 0.140000
vt 0.795313 0.100000
vt 0.795313 0.140000
vt 0.806250 0.100000
vt 0.806250 0.140000
vt 0.817187 0.100000
vt 0.817187 0.140000
vt 0.828125 0.100000
vt 0.828125 0.140000
vt 0.839063 0.100000
vt 0.839063 0.140000
vt 0.850000 0.100000
vt 0.850000 0.140000
vt 0.510938 0.220000
vt 0.500000 0.220000
vt 0.521875 0.220000
vt 0.532812 0.220000
vt 0.543750 0.220000
vt 0.554688 0.220000
vt 0.565625 0.220000
vt 0.576563 0.220000
vt 0.587500 0.220000
vt 0.598437 0.220000
vt 0.609375 0.220000
vt 0.620313 0.220000
vt 0.631250 0.220000
vt 0.642187 0.220000
vt 0.653125 0.220000
vt 0.664062 0.220000
vt 0.675000 0.220000
vt 0.685938 0.220000
vt 0.696875 0.220000
vt 0.707812 0.220000
vt 0.718750 0.220000
vt 0.729688 0.220000
vt 0.740625 0.220000
vt 0.751562 0.220000
vt 0.762500 0.220000
vt 0.773438 0.220000
vt 0.784375 0.220000
vt 0.795313 0.220000
vt 0.806250 0.220000
vt 0.817187 0.220000
vt 0.828125 0.220000
vt 0.839063 0.220000
vt 0.850000 0.220000
vt 0.510938 0.240000
vt 0.500000 0.240000
vt 0.521875 0.240000
vt 0.532812 0.240000
vt 0.543750 0.240000
vt 0.554688 0.240000
vt 0.565625 0.240000
vt 0.576563 0.240000
vt 0.587500 0.240000
vt 0.598437 0.240000
vt 0.609375 0.240000
vt 0.620313 0.240000
vt 0.631250 0.240000
vt 0.642187 0.240000
vt 0.653125 0.240000
vt 0.664062 0.240000
vt 0.675000 0.240000
vt 0.685938 0.240000
vt 0.696875 0.240000
vt 0.707812 0.240000
vt 0.718750 0.240000
vt 0.729688 0.240000
vt 0.740625 0.240000
vt 0.751562 0.240000
vt 0.762500 0.240000
vt 0.773438 0.240000
vt 0.784375 0.240000
vt 0.795313 0.240000
vt 0.806250 0.240000
vt 0.817187 0.240000
vt 0.828125 0.240000
vt 0.839063 0.240000
vt 0.850000 0.240000
vt 0.510938 0.250000
vt 0.500000 0.250000
vt 0.521875 0.250000
vt 0.532812 0.250000
vt 0.543750 0.250000
vt 0.554688 0.250000
vt 0.565625 0.250000
vt 0.576563 0.250000
vt 0.587500 0.250000
vt 0.598437 0.250000
vt 0.609375 0.250000
vt 0.620313 0.250000
vt 0.631250 0.250000
vt 0.642187 0.250000
vt 0.653125 0.250000
vt 0.664062 0.250000
vt 0.675000 0.250000
vt 0.685938 0.250000
vt 0.696875 0.250000
vt 0.707812 0.250000
vt 0.718750 0.250000
vt 0.729688 0.250000
vt 0.740625 0.250000
vt 0.751562 0.250000
vt 0.762500 0.250000
vt 0.773438 0.250000
vt 0.784375 0.250000
vt 0.795313 0.250000
vt 0.806250 0.250000
vt 0.817187 0.250000
vt 0.828125 0.250000
vt 0.839063 0.250000
vt 0.850000 0.250000
vt 0.510938 0.350000
vt 0.500000 0.350000
vt 0.521875 0.350000
vt 0.532812 0.350000
vt 0.543750 0.350000
vt 0.554688 0.350000
vt 0.565625 0.350000
vt 0.576563 0.350000
vt 0.587500 0.350000
vt 0.598437 0.350000
vt 0.609375 0.350000
vt 0.620313 0.350000
vt 0.631250 0.350000
vt 0.642187 0.350000
vt 0.653125 0.350000
vt 0.664062 0.350000
vt 0.675000 0.350000
vt 0.685938 0.350000
vt 0.696875 0.350000
vt 0.707812 0.350000
vt 0.718750 0.350000
vt 0.729688 0.350000
vt 0.740625 0.350000
vt 0.751562 0.350000
vt 0.762500 0.350000
vt 0.773438 0.350000
vt 0.784375 0.350000
vt 0.795313 0.350000
vt 0.806250 0.350000
vt 0.817187 0.350000
vt 0.828125 0.350000
vt 0.839063 0.350000
vt 0.850000 0.350000
vt 0.510938 0.500000
vt 0.500000 0.500000
vt 0.521875 0.500000
vt 0.532812 0.500000
vt 0.543750 0.500000
vt 0.554688 0.500000
vt 0.565625 0.500000
vt 0.576563 0.500000
vt 0.587500 0.500000
vt 0.598437 0.500000
vt 0.609375 0.500000
vt 0.620313 0.500000
vt 0.631250 0.500000
vt 0.642187 0.500000
vt 0.653125 0.500000
vt 0.664062 0.500000
vt 0.675000 0.500000
vt 0.685938 0.500000
vt 0.696875 0.500000
vt 0.707812 0.500000
vt 0.718750 0.500000
vt 0.729688 0.500000
vt 0.740625 0.500000
vt 0.751562 0.500000
vt 0.762500 0.500000
vt 0.773438 0.500000
vt 0.784375 0.500000
vt 0.795313 0.500000
vt 0.806250 0.500000
vt 0.817187 0.500000
vt 0.828125 0.500000
vt 0.839063 0.500000
vt 0.850000 0.500000
vt 0.510938 0.660000
vt 0.500000 0.660000
vt 0.521875 0.660000
vt 0.532812 0.660000
vt 0.543750 0.660000
vt 0.554688 0.660000
vt 0.565625 0.660000
vt 0.576563 0.660000
vt 0.587500 0.660000
vt 0.598437 0.660000
vt 0.609375 0.660000
vt 0.620313 0.660000
vt 0.631250 0.660000
vt 0.642187 0.660000
vt 0.653125 0.660000
vt 0.664062 0.660000
vt 0.675000 0.660000
vt 0.685938 0.660000
vt 0.696875 0.660000
vt 0.707812 0.660000
vt 0.718750 0.660000
vt 0.729688 0.660000
vt 0.740625 0.660000
vt 0.751562 0.660000
vt 0.762500 0.660000
vt 0.773438 0.660000
vt 0.784375 0.660000
vt 0.795313 0.660000
vt 0.806250 0.660000
vt 0.817187 0.660000
vt 0.828125 0.660000
vt 0.839063 0.660000
vt 0.850000 0.660000
vt 0.510938 0.780000
vt 0.500000 0.780000
vt 0.521875 0.780000
vt 0.532812 0.780000
vt 0.543750 0.780000
vt 0.554688 0.780000
vt 0.565625 0.780000
vt 0.576563 0.780000
vt 0.587500 0.780000
vt 0.598437 0.780000
vt 0.609375 0.780000
vt 0.620313 0.780000
vt 0.631250 0.780000
vt 0.642187 0.780000
vt 0.653125 0.780000
vt 0.664062 0.780000
vt 0.675000 0.780000
vt 0.685938 0.780000
vt 0.696875 0.780000
vt 0.707812 0.780000
vt 0.718750 0.780000
vt 0.729688 0.780000
vt 0.740625 0.780000
vt 0.751562 0.780000
vt 0.762500 0.780000
vt 0.773438 0.780000
vt 0.784375 0.780000
vt 0.795313 0.780000
vt 0.806250 0.780000
vt 0.817187 0.780000
vt 0.828125 0.780000
vt 0.839063 0.780000
vt 0.850000 0.780000
vt 0.510938 0.840000
vt 0.500000 0.840000
vt 0.521875 0.840000
vt 0.532812 0.840000
vt 0.543750 0.840000
vt 0.554688 0.840000
vt 0.565625 0.840000
vt 0.576563 0.840000
vt 0.587500 0.840000
vt 0.598437 0.840000
vt 0.609375 0.840000
vt 0.620313 0.840000
vt 0.631250 0.840000
vt 0.642187 0.840000
vt 0.653125 0.840000
vt 0.664062 0.840000
vt 0.675000 0.840000
vt 0.685938 0.840000
vt 0.696875 0.840000
vt 0.707812 0.840000
vt 0.718750 0.840000
vt 0.729688 0.840000
vt 0.740625 0.840000
vt 0.751562 0.840000
vt 0.762500 0.840000
vt 0.773438 0.840000
vt 0.784375 0.840000
vt 0.795313 0.840000
vt 0.806250 0.840000
vt 0.817187 0.840000
vt 0.828125 0.840000
vt 0.839063 0.840000
vt 0.850000 0.840000
vt 0.510938 0.900000
vt 0.500000 0.900000
vt 0.521875 0.900000
vt 0.532812 0.900000
vt 0.543750 0.900000
vt 0.554688 0.900000
vt 0.565625 0.900000
vt 0.576563 0.900000
vt 0.587500 0.900000
vt 0.598437 0.900000
vt 0.609375 0.900000
vt 0.620313 0.900000
vt 0.631250 0.900000
vt 0.642187 0.900000
vt 0.653125 0.900000
vt 0.664062 0.900000
vt 0.675000 0.900000
vt 0.685938 0.900000
vt 0.696875 0.900000
vt 0.707812 0.900000
vt 0.718750 0.900000
vt 0.729688 0.900000
vt 0.740625 0.900000
vt 0.751562 0.900000
vt 0.762500 0.900000
vt 0.773438 0.900000
vt 0.784375 0.900000
vt 0.795313 0.900000
vt 0.806250 0.900000
vt 0.817187 0.900000
vt 0.828125 0.900000
vt 0.839063 0.900000
vt 0.850000 0.900000
vt 0.510938 0.940000
vt 0.500000 0.940000
vt 0.521875 0.940000
vt 0.532812 0.940000
vt 0.543750 0.940000
vt 0.554688 0.940000
vt 0.565625 0.940000
vt 0.576563 0.940000
vt 0.587500 0.940000
vt 0.598437 0.940000
vt 0.609375 0.940000
vt 0.620313 0.940000
vt 0.631250 0.940000
vt 0.642187 0.940000
vt 0.653125 0.940000
vt 0.664062 0.940000
vt 0.675000 0.940000
vt 0.685938 0.940000
vt 0.696875 0.940000
vt 0.707812 0.940000
vt 0.718750 0.940000
vt 0.729688 0.940000
vt 0.740625 0.940000
vt 0.751562 0.940000
vt 0.762500 0.940000
vt 0.773438 0.940000
vt 0.784375 0.940000
vt 0.795313 0.940000
vt 0.806250 0.940000
vt 0.817187 0.940000
vt 0.828125 0.940000
vt 0.839063 0.940000
vt 0.850000 0.940000
vt 0.505469 0.950000
vt 0.516406 0.950000
vt 0.527344 0.950000
vt 0.538281 0.950000
vt 0.549219 0.950000
vt 0.560156 0.950000
vt 0.571094 0.950000
vt 0.582031 0.950000
vt 0.592969 0.950000
vt 0.603906 0.950000
vt 0.614844 0.950000
vt 0.625781 0.950000
vt 0.636719 0.950000
vt 0.647656 0.950000
vt 0.658594 0.950000
vt 0.669531 0.950000
vt 0.680469 0.950000
vt 0.691406 0.950000
vt 0.702344 0.950000
vt 0.713281 0.950000
vt 0.724219 0.950000
vt 0.735156 0.950000
vt 0.746094 0.950000
vt 0.757031 0.950000
vt 0.767969 0.950000
vt 0.778906 0.950000
vt 0.789844 0.950000
vt 0.800781 0.950000
vt 0.811719 0.950000
vt 0.822656 0.950000
vt 0.833594 0.950000
vt 0.844531 0.950000
vt 0.557813 0.100000
vt 0.550000 0.100000
vt 0.553906 0.120000
vt 0.561719 0.120000
vt 0.573438 0.100000
vt 0.569531 0.120000
vt 0.581250 0.100000
vt 0.577344 0.120000
vt 0.589063 0.100000
vt 0.585156 0.120000
vt 0.596875 0.100000
vt 0.592969 0.120000
vt 0.604688 0.100000
vt 0.600781 0.120000
vt 0.612500 0.100000
vt 0.608594 0.120000
vt 0.616406 0.120000
vt 0.628125 0.100000
vt 0.624219 0.120000
vt 0.635938 0.100000
vt 0.632031 0.120000
vt 0.643750 0.100000
vt 0.639844 0.120000
vt 0.651563 0.100000
vt 0.647656 0.120000
vt 0.659375 0.100000
vt 0.655469 0.120000
vt 0.667188 0.100000
vt 0.663281 0.120000
vt 0.671094 0.120000
vt 0.682813 0.100000
vt 0.678906 0.120000
vt 0.690625 0.100000
vt 0.686719 0.120000
vt 0.698438 0.100000
vt 0.694531 0.120000
vt 0.706250 0.100000
vt 0.702344 0.120000
vt 0.714063 0.100000
vt 0.710156 0.120000
vt 0.721875 0.100000
vt 0.717969 0.120000
vt 0.725781 0.120000
vt 0.737500 0.100000
vt 0.733594 0.120000
vt 0.745313 0.100000
vt 0.741406 0.120000
vt 0.753125 0.100000
vt 0.749219 0.120000
vt 0.760938 0.100000
vt 0.757031 0.120000
vt 0.768750 0.100000
vt 0.764844 0.120000
vt 0.776563 0.100000
vt 0.772656 0.120000
vt 0.780469 0.120000
vt 0.792188 0.100000
vt 0.788281 0.120000
vt 0.800000 0.100000
vt 0.796094 0.120000
vt 0.880000 0.700000
vt 0.980000 0.700000
vt 0.980000 0.850000
vt 0.880000 0.850000
vt 0.880000 0.650000
vt 0.980000 0.650000
s 1
usemtl M_Kh47M2_Kinzhal
f 769/795/641 770/796/641 802/797/642 801/798/643
f 770/796/644 771/799/644 803/800/645 802/797/642
f 771/799/646 772/801/646 804/802/647 803/800/645
f 772/801/648 773/803/648 805/804/649 804/802/647
f 773/803/650 774/805/650 806/806/651 805/804/649
f 774/805/652 775/807/652 807/808/653 806/806/651
f 775/807/654 776/809/654 808/810/655 807/808/653
f 776/809/656 777/811/656 809/812/657 808/810/655
f 777/811/658 778/813/658 810/814/659 809/812/657
f 778/813/660 779/815/660 811/816/661 810/814/659
f 779/815/662 780/817/662 812/818/663 811/816/661
f 780/817/664 781/819/664 813/820/665 812/818/663
f 781/819/666 782/821/666 814/822/667 813/820/665
f 782/821/668 783/823/668 815/824/669 814/822/667
f 783/823/670 784/825/670 816/826/671 815/824/669
f 784/825/672 785/827/672 817/828/673 816/826/671
f 785/827/674 786/829/674 818/830/675 817/828/673
f 786/829/676 787/831/676 819/832/677 818/830/675
f 787/831/678 788/833/678 820/834/679 819/832/677
f 788/833/680 789/835/680 821/836/681 820/834/679
f 789/835/682 790/837/682 822/838/683 821/836/681
f 790/837/684 791/839/684 823/840/685 822/838/683
f 791/839/686 792/841/686 824/842/687 823/840/685
f 792/841/688 793/843/688 825/844/689 824/842/687
f 793/843/690 794/845/690 826/846/691 825/844/689
f 794/845/692 795/847/692 827/848/693 826/846/691
f 795/847/694 796/849/694 828/850/695 827/848/693
f 796/849/696 797/851/696 829/852/697 828/850/695
f 797/851/698 798/853/698 830/854/699 829/852/697
f 798/853/700 799/855/700 831/856/701 830/854/699
f 799/855/702 800/857/702 832/858/703 831/856/701
f 800/857/704 769/859/704 801/860/643 832/858/703
f 801/798/643 802/797/642 834/861/705 833/862/706
f 802/797/642 803/800/645 835/863/707 834/861/705
f 803/800/645 804/802/647 836/864/708 835/863/707
f 804/802/647 805/804/649 837/865/709 836/864/708
f 805/804/649 806/806/651 838/866/710 837/865/709
f 806/806/651 807/808/653 839/867/711 838/866/710
f 807/808/653 808/810/655 840/868/712 839/867/711
f 808/810/655 809/812/657 841/869/713 840/868/712
f 809/812/657 810/814/659 842/870/714 841/869/713
f 810/814/659 811/816/661 843/871/715 842/870/714
f 811/816/661 812/818/663 844/872/716 843/871/715
f 812/818/663 813/820/665 845/873/717 844/872/716
f 813/820/665 814/822/667 846/874/718 845/873/717
f 814/822/667 815/824/669 847/875/719 846/874/718
f 815/824/669 816/826/671 848/876/720 847/875/719
f 816/826/671 817/828/673 849/877/721 848/876/720
f 817/828/673 818/830/675 850/878/722 849/877/721
f 818/830/675 819/832/677 851/879/723 850/878/722
f 819/832/677 820/834/679 852/880/724 851/879/723
f 820/834/679 821/836/681 853/881/725 852/880/724
f 821/836/681 822/838/683 854/882/726 853/881/725
f 822/838/683 823/840/685 855/883/727 854/882/726
f 823/840/685 824/842/687 856/884/728 855/883/727
f 824/842/687 825/844/689 857/885/729 856/884/728
f 825/844/689 826/846/691 858/886/730 857/885/729
f 826/846/691 827/848/693 859/887/731 858/886/730
f 827/848/693 828/850/695 860/888/732 859/887/731
f 828/850/695 829/852/697 861/889/733 860/888/732
f 829/852/697 830/854/699 862/890/734 861/889/733
f 830/854/699 831/856/701 863/891/735 862/890/734
f 831/856/701 832/858/703 864/892/736 863/891/735
f 832/858/703 801/860/643 833/893/706 864/892/736
f 833/862/706 834/861/705 866/894/737 865/895/738
f 834/861/705 835/863/707 867/896/739 866/894/737
f 835/863/707 836/864/708 868/897/740 867/896/739
f 836/864/708 837/865/709 869/898/741 868/897/740
f 837/865/709 838/866/710 870/899/742 869/898/741
f 838/866/710 839/867/711 871/900/743 870/899/742
f 839/867/711 840/868/712 872/901/744 871/900/743
f 840/868/712 841/869/713 873/902/745 872/901/744
f 841/869/713 842/870/714 874/903/746 873/902/745
f 842/870/714 843/871/715 875/904/747 874/903/746
f 843/871/715 844/872/716 876/905/748 875/904/747
f 844/872/716 845/873/717 877/906/749 876/905/748
f 845/873/717 846/874/718 878/907/750 877/906/749
f 846/874/718 847/875/719 879/908/751 878/907/750
f 847/875/719 848/876/720 880/909/752 879/908/751
f 848/876/720 849/877/721 881/910/753 880/909/752
f 849/877/721 850/878/722 882/911/754 881/910/753
f 850/878/722 851/879/723 883/912/755 882/911/754
f 851/879/723 852/880/724 884/913/756 883/912/755
f 852/880/724 853/881/725 885/914/757 884/913/756
f 853/881/725 854/882/726 886/915/758 885/914/757
f 854/882/726 855/883/727 887/916/759 886/915/758
f 855/883/727 856/884/728 888/917/760 887/916/759
f 856/884/728 857/885/729 889/918/761 888/917/760
f 857/885/729 858/886/730 890/919/762 889/918/761
f 858/886/730 859/887/731 891/920/763 890/919/762
f 859/887/731 860/888/732 892/921/764 891/920/763
f 860/888/732 861/889/733 893/922/765 892/921/764
f 861/889/733 862/890/734 894/923/766 893/922/765
f 862/890/734 863/891/735 895/924/767 894/923/766
f 863/891/735 864/892/736 896/925/768 895/924/767
f 864/892/736 833/893/706 865/926/738 896/925/768
f 865/895/738 866/894/737 898/927/769 897/928/770
f 866/894/737 867/896/739 899/929/771 898/927/769
f 867/896/739 868/897/740 900/930/772 899/929/771
f 868/897/740 869/898/741 901/931/773 900/930/772
f 869/898/741 870/899/742 902/932/774 901/931/773
f 870/899/742 871/900/743 903/933/775 902/932/774
f 871/900/743 872/901/744 904/934/776 903/933/775
f 872/901/744 873/902/745 905/935/777 904/934/776
f 873/902/745 874/903/746 906/936/778 905/935/777
f 874/903/746 875/904/747 907/937/779 906/936/778
f 875/904/747 876/905/748 908/938/780 907/937/779
f 876/905/748 877/906/749 909/939/781 908/938/780
f 877/906/749 878/907/750 910/940/782 909/939/781
f 878/907/750 879/908/751 911/941/783 910/940/782
f 879/908/751 880/909/752 912/942/784 911/941/783
f 880/909/752 881/910/753 913/943/785 912/942/784
f 881/910/753 882/911/754 914/944/786 913/943/785
f 882/911/754 883/912/755 915/945/787 914/944/786
f 883/912/755 884/913/756 916/946/788 915/945/787
f 884/913/756 885/914/757 917/947/789 916/946/788
f 885/914/757 886/915/758 918/948/790 917/947/789
f 886/915/758 887/916/759 919/949/791 918/948/790
f 887/916/759 888/917/760 920/950/792 919/949/791
f 888/917/760 889/918/761 921/951/793 920/950/792
f 889/918/761 890/919/762 922/952/794 921/951/793
f 890/919/762 891/920/763 923/953/795 922/952/794
f 891/920/763 892/921/764 924/954/796 923/953/795
f 892/921/764 893/922/765 925/955/797 924/954/796
f 893/922/765 894/923/766 926/956/798 925/955/797
f 894/923/766 895/924/767 927/957/799 926/956/798
f 895/924/767 896/925/768 928/958/800 927/957/799
f 896/925/768 865/926/738 897/959/770 928/958/800
f 897/928/770 898/927/769 930/960/801 929/961/802
f 898/927/769 899/929/771 931/962/803 930/960/801
f 899/929/771 900/930/772 932/963/804 931/962/803
f 900/930/772 901/931/773 933/964/805 932/963/804
f 901/931/773 902/932/774 934/965/806 933/964/805
f 902/932/774 903/933/775 935/966/807 934/965/806
f 903/933/775 904/934/776 936/967/808 935/966/807
f 904/934/776 905/935/777 937/968/809 936/967/808
f 905/935/777 906/936/778 938/969/810 937/968/809
f 906/936/778 907/937/779 939/970/811 938/969/810
f 907/937/779 908/938/780 940/971/812 939/970/811
f 908/938/780 909/939/781 941/972/813 940/971/812
f 909/939/781 910/940/782 942/973/814 941/972/813
f 910/940/782 911/941/783 943/974/815 942/973/814
f 911/941/783 912/942/784 944/975/816 943/974/815
f 912/942/784 913/943/785 945/976/817 944/975/816
f 913/943/785 914/944/786 946/977/818 945/976/817
f 914/944/786 915/945/787 947/978/819 946/977/818
f 915/945/787 916/946/788 948/979/820 947/978/819
f 916/946/788 917/947/789 949/980/821 948/979/820
f 917/947/789 918/948/790 950/981/822 949/980/821
f 918/948/790 919/949/791 951/982/823 950/981/822
f 919/949/791 920/950/792 952/983/824 951/982/823
f 920/950/792 921/951/793 953/984/825 952/983/824
f 921/951/793 922/952/794 954/985/826 953/984/825
f 922/952/794 923/953/795 955/986/827 954/985/826
f 923/953/795 924/954/796 956/987/828 955/986/827
f 924/954/796 925/955/797 957/988/829 956/987/828
f 925/955/797 926/956/798 958/989/830 957/988/829
f 926/956/798 927/957/799 959/990/831 958/989/830
f 927/957/799 928/958/800 960/991/832 959/990/831
f 928/958/800 897/959/770 929/992/802 960/991/832
f 929/961/802 930/960/801 962/993/833 961/994/834
f 930/960/801 931/962/803 963/995/835 962/993/833
f 931/962/803 932/963/804 964/996/836 963/995/835
f 932/963/804 933/964/805 965/997/837 964/996/836
f 933/964/805 934/965/806 966/998/838 965/997/837
f 934/965/806 935/966/807 967/999/839 966/998/838
f 935/966/807 936/967/808 968/1000/840 967/999/839
f 936/967/808 937/968/809 969/1001/841 968/1000/840
f 937/968/809 938/969/810 970/1002/842 969/1001/841
f 938/969/810 939/970/811 971/1003/843 970/1002/842
f 939/970/811 940/971/812 972/1004/844 971/1003/843
f 940/971/812 941/972/813 973/1005/845 972/1004/844
f 941/972/813 942/973/814 974/1006/846 973/1005/845
f 942/973/814 943/974/815 975/1007/847 974/1006/846
f 943/974/815 944/975/816 976/1008/848 975/1007/847
f 944/975/816 945/976/817 977/1009/849 976/1008/848
f 945/976/817 946/977/818 978/1010/850 977/1009/849
f 946/977/818 947/978/819 979/1011/851 978/1010/850
f 947/978/819 948/979/820 980/1012/852 979/1011/851
f 948/979/820 949/980/821 981/1013/853 980/1012/852
f 949/980/821 950/981/822 982/1014/854 981/1013/853
f 950/981/822 951/982/823 983/1015/855 982/1014/854
f 951/982/823 952/983/824 984/1016/856 983/1015/855
f 952/983/824 953/984/825 985/1017/857 984/1016/856
f 953/984/825 954/985/826 986/1018/858 985/1017/857
f 954/985/826 955/986/827 987/1019/859 986/1018/858
f 955/986/827 956/987/828 988/1020/860 987/1019/859
f 956/987/828 957/988/829 989/1021/861 988/1020/860
f 957/988/829 958/989/830 990/1022/862 989/1021/861
f 958/989/830 959/990/831 991/1023/863 990/1022/862
f 959/990/831 960/991/832 992/1024/864 991/1023/863
f 960/991/832 929/992/802 961/1025/834 992/1024/864
f 961/994/834 962/993/833 994/1026/865 993/1027/866
f 962/993/833 963/995/835 995/1028/867 994/1026/865
f 963/995/835 964/996/836 996/1029/868 995/1028/867
f 964/996/836 965/997/837 997/1030/869 996/1029/868
f 965/997/837 966/998/838 998/1031/870 997/1030/869
f 966/998/838 967/999/839 999/1032/871 998/1031/870
f 967/999/839 968/1000/840 1000/1033/872 999/1032/871
f 968/1000/840 969/1001/841 1001/1034/873 1000/1033/872
f 969/1001/841 970/1002/842 1002/1035/874 1001/1034/873
f 970/1002/842 971/1003/843 1003/1036/875 1002/1035/874
f 971/1003/843 972/1004/844 1004/1037/876 1003/1036/875
f 972/1004/844 973/1005/845 1005/1038/877 1004/1037/876
f 973/1005/845 974/1006/846 1006/1039/878 1005/1038/877
f 974/1006/846 975/1007/847 1007/1040/879 1006/1039/878
f 975/1007/847 976/1008/848 1008/1041/880 1007/1040/879
f 976/1008/848 977/1009/849 1009/1042/881 1008/1041/880
f 977/1009/849 978/1010/850 1010/1043/882 1009/1042/881
f 978/1010/850 979/1011/851 1011/1044/883 1010/1043/882
f 979/1011/851 980/1012/852 1012/1045/884 1011/1044/883
f 980/1012/852 981/1013/853 1013/1046/885 1012/1045/884
f 981/1013/853 982/1014/854 1014/1047/886 1013/1046/885
f 982/1014/854 983/1015/855 1015/1048/887 1014/1047/886
f 983/1015/855 984/1016/856 1016/1049/888 1015/1048/887
f 984/1016/856 985/1017/857 1017/1050/889 1016/1049/888
f 985/1017/857 986/1018/858 1018/1051/890 1017/1050/889
f 986/1018/858 987/1019/859 1019/1052/891 1018/1051/890
f 987/1019/859 988/1020/860 1020/1053/892 1019/1052/891
f 988/1020/860 989/1021/861 1021/1054/893 1020/1053/892
f 989/1021/861 990/1022/862 1022/1055/894 1021/1054/893
f 990/1022/862 991/1023/863 1023/1056/895 1022/1055/894
f 991/1023/863 992/1024/864 1024/1057/896 1023/1056/895
f 992/1024/864 961/1025/834 993/1058/866 1024/1057/896
f 993/1027/866 994/1026/865 1026/1059/897 1025/1060/898
f 994/1026/865 995/1028/867 1027/1061/899 1026/1059/897
f 995/1028/867 996/1029/868 1028/1062/900 1027/1061/899
f 996/1029/868 997/1030/869 1029/1063/901 1028/1062/900
f 997/1030/869 998/1031/870 1030/1064/902 1029/1063/901
f 998/1031/870 999/1032/871 1031/1065/903 1030/1064/902
f 999/1032/871 1000/1033/872 1032/1066/904 1031/1065/903
f 1000/1033/872 1001/1034/873 1033/1067/905 1032/1066/904
f 1001/1034/873 1002/1035/874 1034/1068/906 1033/1067/905
f 1002/1035/874 1003/1036/875 1035/1069/907 1034/1068/906
f 1003/1036/875 1004/1037/876 1036/1070/908 1035/1069/907
f 1004/1037/876 1005/1038/877 1037/1071/909 1036/1070/908
f 1005/1038/877 1006/1039/878 1038/1072/910 1037/1071/909
f 1006/1039/878 1007/1040/879 1039/1073/911 1038/1072/910
f 1007/1040/879 1008/1041/880 1040/1074/912 1039/1073/911
f 1008/1041/880 1009/1042/881 1041/1075/913 1040/1074/912
f 1009/1042/881 1010/1043/882 1042/1076/914 1041/1075/913
f 1010/1043/882 1011/1044/883 1043/1077/915 1042/1076/914
f 1011/1044/883 1012/1045/884 1044/1078/916 1043/1077/915
f 1012/1045/884 1013/1046/885 1045/1079/917 1044/1078/916
f 1013/1046/885 1014/1047/886 1046/1080/918 1045/1079/917
f 1014/1047/886 1015/1048/887 1047/1081/919 1046/1080/918
f 1015/1048/887 1016/1049/888 1048/1082/920 1047/1081/919
f 1016/1049/888 1017/1050/889 1049/1083/921 1048/1082/920
f 1017/1050/889 1018/1051/890 1050/1084/922 1049/1083/921
f 1018/1051/890 1019/1052/891 1051/1085/923 1050/1084/922
f 1019/1052/891 1020/1053/892 1052/1086/924 1051/1085/923
f 1020/1053/892 1021/1054/893 1053/1087/925 1052/1086/924
f 1021/1054/893 1022/1055/894 1054/1088/926 1053/1087/925
f 1022/1055/894 1023/1056/895 1055/1089/927 1054/1088/926
f 1023/1056/895 1024/1057/896 1056/1090/928 1055/1089/927
f 1024/1057/896 993/1058/866 1025/1091/898 1056/1090/928
f 1025/1060/898 1026/1059/897 1058/1092/929 1057/1093/930
f 1026/1059/897 1027/1061/899 1059/1094/931 1058/1092/929
f 1027/1061/899 1028/1062/900 1060/1095/932 1059/1094/931
f 1028/1062/900 1029/1063/901 1061/1096/933 1060/1095/932
f 1029/1063/901 1030/1064/902 1062/1097/934 1061/1096/933
f 1030/1064/902 1031/1065/903 1063/1098/935 1062/1097/934
f 1031/1065/903 1032/1066/904 1064/1099/936 1063/1098/935
f 1032/1066/904 1033/1067/905 1065/1100/937 1064/1099/936
f 1033/1067/905 1034/1068/906 1066/1101/938 1065/1100/937
f 1034/1068/906 1035/1069/907 1067/1102/939 1066/1101/938
f 1035/1069/907 1036/1070/908 1068/1103/940 1067/1102/939
f 1036/1070/908 1037/1071/909 1069/1104/941 1068/1103/940
f 1037/1071/909 1038/1072/910 1070/1105/942 1069/1104/941
f 1038/1072/910 1039/1073/911 1071/1106/943 1070/1105/942
f 1039/1073/911 1040/1074/912 1072/1107/944 1071/1106/943
f 1040/1074/912 1041/1075/913 1073/1108/945 1072/1107/944
f 1041/1075/913 1042/1076/914 1074/1109/946 1073/1108/945
f 1042/1076/914 1043/1077/915 1075/1110/947 1074/1109/946
f 1043/1077/915 1044/1078/916 1076/1111/948 1075/1110/947
f 1044/1078/916 1045/1079/917 1077/1112/949 1076/1111/948
f 1045/1079/917 1046/1080/918 1078/1113/950 1077/1112/949
f 1046/1080/918 1047/1081/919 1079/1114/951 1078/1113/950
f 1047/1081/919 1048/1082/920 1080/1115/952 1079/1114/951
f 1048/1082/920 1049/1083/921 1081/1116/953 1080/1115/952
f 1049/1083/921 1050/1084/922 1082/1117/954 1081/1116/953
f 1050/1084/922 1051/1085/923 1083/1118/955 1082/1117/954
f 1051/1085/923 1052/1086/924 1084/1119/956 1083/1118/955
f 1052/1086/924 1053/1087/925 1085/1120/957 1084/1119/956
f 1053/1087/925 1054/1088/926 1086/1121/958 1085/1120/957
f 1054/1088/926 1055/1089/927 1087/1122/959 1086/1121/958
f 1055/1089/927 1056/1090/928 1088/1123/960 1087/1122/959
f 1056/1090/928 1025/1091/898 1057/1124/930 1088/1123/960
f 1057/1093/930 1058/1092/929 1090/1125/961 1089/1126/962
f 1058/1092/929 1059/1094/931 1091/1127/963 1090/1125/961
f 1059/1094/931 1060/1095/932 1092/1128/964 1091/1127/963
f 1060/1095/932 1061/1096/933 1093/1129/965 1092/1128/964
f 1061/1096/933 1062/1097/934 1094/1130/966 1093/1129/965
f 1062/1097/934 1063/1098/935 1095/1131/967 1094/1130/966
f 1063/1098/935 1064/1099/936 1096/1132/968 1095/1131/967
f 1064/1099/936 1065/1100/937 1097/1133/969 1096/1132/968
f 1065/1100/937 1066/1101/938 1098/1134/970 1097/1133/969
f 1066/1101/938 1067/1102/939 1099/1135/971 1098/1134/970
f 1067/1102/939 1068/1103/940 1100/1136/972 1099/1135/971
f 1068/1103/940 1069/1104/941 1101/1137/973 1100/1136/972
f 1069/1104/941 1070/1105/942 1102/1138/974 1101/1137/973
f 1070/1105/942 1071/1106/943 1103/1139/975 1102/1138/974
f 1071/1106/943 1072/1107/944 1104/1140/976 1103/1139/975
f 1072/1107/944 1073/1108/945 1105/1141/977 1104/1140/976
f 1073/1108/945 1074/1109/946 1106/1142/978 1105/1141/977
f 1074/1109/946 1075/1110/947 1107/1143/979 1106/1142/978
f 1075/1110/947 1076/1111/948 1108/1144/980 1107/1143/979
f 1076/1111/948 1077/1112/949 1109/1145/981 1108/1144/980
f 1077/1112/949 1078/1113/950 1110/1146/982 1109/1145/981
f 1078/1113/950 1079/1114/951 1111/1147/983 1110/1146/982
f 1079/1114/951 1080/1115/952 1112/1148/984 1111/1147/983
f 1080/1115/952 1081/1116/953 1113/1149/985 1112/1148/984
f 1081/1116/953 1082/1117/954 1114/1150/986 1113/1149/985
f 1082/1117/954 1083/1118/955 1115/1151/987 1114/1150/986
f 1083/1118/955 1084/1119/956 1116/1152/988 1115/1151/987
f 1084/1119/956 1085/1120/957 1117/1153/989 1116/1152/988
f 1085/1120/957 1086/1121/958 1118/1154/990 1117/1153/989
f 1086/1121/958 1087/1122/959 1119/1155/991 1118/1154/990
f 1087/1122/959 1088/1123/960 1120/1156/992 1119/1155/991
f 1088/1123/960 1057/1124/930 1089/1157/962 1120/1156/992
f 1089/1126/962 1090/1125/961 1122/1158/993 1121/1159/994
f 1090/1125/961 1091/1127/963 1123/1160/995 1122/1158/993
f 1091/1127/963 1092/1128/964 1124/1161/996 1123/1160/995
f 1092/1128/964 1093/1129/965 1125/1162/997 1124/1161/996
f 1093/1129/965 1094/1130/966 1126/1163/998 1125/1162/997
f 1094/1130/966 1095/1131/967 1127/1164/999 1126/1163/998
f 1095/1131/967 1096/1132/968 1128/1165/1000 1127/1164/999
f 1096/1132/968 1097/1133/969 1129/1166/1001 1128/1165/1000
f 1097/1133/969 1098/1134/970 1130/1167/1002 1129/1166/1001
f 1098/1134/970 1099/1135/971 1131/1168/1003 1130/1167/1002
f 1099/1135/971 1100/1136/972 1132/1169/1004 1131/1168/1003
f 1100/1136/972 1101/1137/973 1133/1170/1005 1132/1169/1004
f 1101/1137/973 1102/1138/974 1134/1171/1006 1133/1170/1005
f 1102/1138/974 1103/1139/975 1135/1172/1007 1134/1171/1006
f 1103/1139/975 1104/1140/976 1136/1173/1008 1135/1172/1007
f 1104/1140/976 1105/1141/977 1137/1174/1009 1136/1173/1008
f 1105/1141/977 1106/1142/978 1138/1175/1010 1137/1174/1009
f 1106/1142/978 1107/1143/979 1139/1176/1011 1138/1175/1010
f 1107/1143/979 1108/1144/980 1140/1177/1012 1139/1176/1011
f 1108/1144/980 1109/1145/981 1141/1178/1013 1140/1177/1012
f 1109/1145/981 1110/1146/982 1142/1179/1014 1141/1178/1013
f 1110/1146/982 1111/1147/983 1143/1180/1015 1142/1179/1014
f 1111/1147/983 1112/1148/984 1144/1181/1016 1143/1180/1015
f 1112/1148/984 1113/1149/985 1145/1182/1017 1144/1181/1016
f 1113/1149/985 1114/1150/986 1146/1183/1018 1145/1182/1017
f 1114/1150/986 1115/1151/987 1147/1184/1019 1146/1183/1018
f 1115/1151/987 1116/1152/988 1148/1185/1020 1147/1184/1019
f 1116/1152/988 1117/1153/989 1149/1186/1021 1148/1185/1020
f 1117/1153/989 1118/1154/990 1150/1187/1022 1149/1186/1021
f 1118/1154/990 1119/1155/991 1151/1188/1023 1150/1187/1022
f 1119/1155/991 1120/1156/992 1152/1189/1024 1151/1188/1023
f 1120/1156/992 1089/1157/962 1121/1190/994 1152/1189/1024
f 1121/1159/994 1122/1158/993 1153/1191/1025
f 1122/1158/993 1123/1160/995 1153/1192/1025
f 1123/1160/995 1124/1161/996 1153/1193/1025
f 1124/1161/996 1125/1162/997 1153/1194/1025
f 1125/1162/997 1126/1163/998 1153/1195/1025
f 1126/1163/998 1127/1164/999 1153/1196/1025
f 1127/1164/999 1128/1165/1000 1153/1197/1025
f 1128/1165/1000 1129/1166/1001 1153/1198/1025
f 1129/1166/1001 1130/1167/1002 1153/1199/1025
f 1130/1167/1002 1131/1168/1003 1153/1200/1025
f 1131/1168/1003 1132/1169/1004 1153/1201/1025
f 1132/1169/1004 1133/1170/1005 1153/1202/1025
f 1133/1170/1005 1134/1171/1006 1153/1203/1025
f 1134/1171/1006 1135/1172/1007 1153/1204/1025
f 1135/1172/1007 1136/1173/1008 1153/1205/1025
f 1136/1173/1008 1137/1174/1009 1153/1206/1025
f 1137/1174/1009 1138/1175/1010 1153/1207/1025
f 1138/1175/1010 1139/1176/1011 1153/1208/1025
f 1139/1176/1011 1140/1177/1012 1153/1209/1025
f 1140/1177/1012 1141/1178/1013 1153/1210/1025
f 1141/1178/1013 1142/1179/1014 1153/1211/1025
f 1142/1179/1014 1143/1180/1015 1153/1212/1025
f 1143/1180/1015 1144/1181/1016 1153/1213/1025
f 1144/1181/1016 1145/1182/1017 1153/1214/1025
f 1145/1182/1017 1146/1183/1018 1153/1215/1025
f 1146/1183/1018 1147/1184/1019 1153/1216/1025
f 1147/1184/1019 1148/1185/1020 1153/1217/1025
f 1148/1185/1020 1149/1186/1021 1153/1218/1025
f 1149/1186/1021 1150/1187/1022 1153/1219/1025
f 1150/1187/1022 1151/1188/1023 1153/1220/1025
f 1151/1188/1023 1152/1189/1024 1153/1221/1025
f 1152/1189/1024 1121/1190/994 1153/1222/1025
s 0
f 770/1223/1026 769/1224/1026 1154/1225/1026
f 771/807/1026 770/1223/1026 1154/1226/1026
f 772/1227/1026 771/807/1026 1154/1228/1026
f 773/1229/1026 772/1227/1026 1154/1230/1026
f 774/1231/1026 773/1229/1026 1154/1232/1026
f 775/1233/1026 774/1231/1026 1154/1234/1026
f 776/1235/1026 775/1233/1026 1154/1236/1026
f 777/1237/1026 776/1235/1026 1154/1238/1026
f 778/817/1026 777/1237/1026 1154/1239/1026
f 779/1240/1026 778/817/1026 1154/1241/1026
f 780/1242/1026 779/1240/1026 1154/1243/1026
f 781/1244/1026 780/1242/1026 1154/1245/1026
f 782/1246/1026 781/1244/1026 1154/1247/1026
f 783/1248/1026 782/1246/1026 1154/1249/1026
f 784/1250/1026 783/1248/1026 1154/1251/1026
f 785/827/1026 784/1250/1026 1154/1252/1026
f 786/1253/1026 785/827/1026 1154/1254/1026
f 787/1255/1026 786/1253/1026 1154/1256/1026
f 788/1257/1026 787/1255/1026 1154/1258/1026
f 789/1259/1026 788/1257/1026 1154/1260/1026
f 790/1261/1026 789/1259/1026 1154/1262/1026
f 791/1263/1026 790/1261/1026 1154/1264/1026
f 792/837/1026 791/1263/1026 1154/1265/1026
f 793/1266/1026 792/837/1026 1154/1267/1026
f 794/1268/1026 793/1266/1026 1154/1269/1026
f 795/1270/1026 794/1268/1026 1154/1271/1026
f 796/1272/1026 795/1270/1026 1154/1273/1026
f 797/1274/1026 796/1272/1026 1154/1275/1026
f 798/1276/1026 797/1274/1026 1154/1277/1026
f 799/847/1026 798/1276/1026 1154/1278/1026
f 800/1279/1026 799/847/1026 1154/1280/1026
f 769/1281/1026 800/1279/1026 1154/1282/1026
s 1
f 1159/1283/1027 1160/1284/1028 1161/1285/1029 1162/1286/1030
f 1155/1287/1031 1156/1288/1032 1160/1284/1028 1159/1283/1027
f 1156/1287/1032 1157/1288/1033 1161/1284/1029 1160/1283/1028
f 1157/1287/1033 1158/1288/1034 1162/1284/1030 1161/1283/1029
f 1158/1287/1034 1155/1288/1031 1159/1284/1027 1162/1283/1030
f 1167/1283/1035 1168/1284/1036 1169/1285/1037 1170/1286/1038
f 1163/1287/1039 1164/1288/1040 1168/1284/1036 1167/1283/1035
f 1164/1287/1040 1165/1288/1041 1169/1284/1037 1168/1283/1036
f 1165/1287/1041 1166/1288/1042 1170/1284/1038 1169/1283/1037
f 1166/1287/1042 1163/1288/1039 1167/1284/1035 1170/1283/1038
f 1175/1283/1043 1176/1284/1044 1177/1285/1045 1178/1286/1046
f 1171/1287/1047 1172/1288/1048 1176/1284/1044 1175/1283/1043
f 1172/1287/1048 1173/1288/1049 1177/1284/1045 1176/1283/1044
f 1173/1287/1049 1174/1288/1050 1178/1284/1046 1177/1283/1045
f 1174/1287/1050 1171/1288/1047 1175/1284/1043 1178/1283/1046
f 1183/1283/1051 1184/1284/1052 1185/1285/1053 1186/1286/1054
f 1179/1287/1055 1180/1288/1056 1184/1284/1052 1183/1283/1051
f 1180/1287/1056 1181/1288/1057 1185/1284/1053 1184/1283/1052
f 1181/1287/1057 1182/1288/1058 1186/1284/1054 1185/1283/1053
f 1182/1287/1058 1179/1288/1055 1183/1284/1051 1186/1283/1054
o Warhead_Fin_Top
v -0.110000 4.663000 0.400000
v 0.110000 4.663000 0.400000
v -0.110000 4.697000 0.400000
v 0.110000 4.697000 0.400000
v -0.110000 4.663000 0.660000
v 0.110000 4.663000 0.660000
v -0.110000 4.697000 0.660000
v 0.110000 4.697000 0.660000
v -0.094000 4.663000 0.416000
v 0.094000 4.663000 0.416000
v -0.094000 4.697000 0.416000
v 0.094000 4.697000 0.416000
v -0.094000 4.663000 0.644000
v 0.094000 4.663000 0.644000
v -0.094000 4.697000 0.644000
v 0.094000 4.697000 0.644000
v -0.094000 4.663000 0.470000
v -0.094000 4.663000 0.476000
v 0.094000 4.663000 0.476000
v 0.094000 4.663000 0.470000
v -0.094000 4.697000 0.470000
v -0.094000 4.697000 0.476000
v 0.094000 4.697000 0.476000
v 0.094000 4.697000 0.470000
v -0.094000 4.663000 0.527000
v -0.094000 4.663000 0.533000
v 0.094000 4.663000 0.533000
v 0.094000 4.663000 0.527000
v -0.094000 4.697000 0.527000
v -0.094000 4.697000 0.533000
v 0.094000 4.697000 0.533000
v 0.094000 4.697000 0.527000
v -0.094000 4.663000 0.584000
v -0.094000 4.663000 0.590000
v 0.094000 4.663000 0.590000
v 0.094000 4.663000 0.584000
v -0.094000 4.697000 0.584000
v -0.094000 4.697000 0.590000
v 0.094000 4.697000 0.590000
v 0.094000 4.697000 0.584000
v -0.059400 4.663000 0.416000
v -0.059400 4.663000 0.644000
v -0.053400 4.663000 0.644000
v -0.053400 4.663000 0.416000
v -0.059400 4.697000 0.416000
v -0.059400 4.697000 0.644000
v -0.053400 4.697000 0.644000
v -0.053400 4.697000 0.416000
v -0.021800 4.663000 0.416000
v -0.021800 4.663000 0.644000
v -0.015800 4.663000 0.644000
v -0.015800 4.663000 0.416000
v -0.021800 4.697000 0.416000
v -0.021800 4.697000 0.644000
v -0.015800 4.697000 0.644000
v -0.015800 4.697000 0.416000
v 0.015800 4.663000 0.416000
v 0.015800 4.663000 0.644000
v 0.021800 4.663000 0.644000
v 0.021800 4.663000 0.416000
v 0.015800 4.697000 0.416000
v 0.015800 4.697000 0.644000
v 0.021800 4.697000 0.644000
v 0.021800 4.697000 0.416000
v 0.053400 4.663000 0.416000
v 0.053400 4.663000 0.644000
v 0.059400 4.663000 0.644000
v 0.059400 4.663000 0.416000
v 0.053400 4.697000 0.416000
v 0.053400 4.697000 0.644000
v 0.059400 4.697000 0.644000
v 0.059400 4.697000 0.416000
v 0.000000 4.698000 0.380000
v 0.000000 4.698000 0.410000
v 0.009000 4.695588 0.380000
v 0.009000 4.695588 0.410000
v 0.015588 4.689000 0.380000
v 0.015588 4.689000 0.410000
v 0.018000 4.680000 0.380000
v 0.018000 4.680000 0.410000
v 0.015588 4.671000 0.380000
v 0.015588 4.671000 0.410000
v 0.009000 4.664412 0.380000
v 0.009000 4.664412 0.410000
v 0.000000 4.662000 0.380000
v 0.000000 4.662000 0.410000
v -0.009000 4.664412 0.380000
v -0.009000 4.664412 0.410000
v -0.015588 4.671000 0.380000
v -0.015588 4.671000 0.410000
v -0.018000 4.680000 0.380000
v -0.018000 4.680000 0.410000
v -0.015588 4.689000 0.380000
v -0.015588 4.689000 0.410000
v -0.009000 4.695588 0.380000
v -0.009000 4.695588 0.410000
vn 0.5773 -0.5774 -0.5773
vn -0.5773 -0.5774 -0.5773
vn 0.5773 0.5774 -0.5773
vn -0.5773 0.5774 -0.5773
vn 0.5773 -0.5774 0.5773
vn -0.5773 -0.5774 0.5773
vn 0.5773 0.5774 0.5773
vn -0.5773 0.5774 0.5773
vn -0.0000 -1.0000 -0.0000
vn -0.0000 1.0000 -0.0000
vn -0.0000 0.7071 0.7071
vn -0.0000 0.7071 -0.7071
vn -0.0000 -0.7071 0.7071
vn -0.0000 -0.7071 -0.7071
vn -0.5000 -0.8660 -0.0000
vn -0.8660 -0.5000 -0.0000
vn -1.0000 -0.0000 -0.0000
vn -0.8660 0.5000 -0.0000
vn -0.5000 0.8660 -0.0000
vn 0.5000 0.8660 -0.0000
vn 0.8660 0.5000 -0.0000
vn 1.0000 -0.0000 -0.0000
vn 0.8660 -0.5000 -0.0000
vn 0.5000 -0.8660 -0.0000
vt 0.860000 0.500000
vt 0.980000 0.500000
vt 0.980000 0.550000
vt 0.860000 0.550000
vt 0.980000 0.600000
vt 0.860000 0.600000
vt 0.980000 0.650000
vt 0.860000 0.650000
vt 0.980000 0.700000
vt 0.860000 0.700000
vt 0.980000 0.850000
vt 0.860000 0.850000
vt 0.870000 0.720000
vt 0.970000 0.720000
vt 0.970000 0.880000
vt 0.870000 0.880000
vt 0.880000 0.650000
vt 0.920000 0.650000
vt 0.920000 0.700000
vt 0.880000 0.700000
s 1
usemtl M_Kh47M2_Kinzhal
f 1188/1289/1060 1192/1290/1064 1194/1291/1066 1190/1292/1062
f 1189/1292/1061 1193/1291/1065 1191/1293/1063 1187/1294/1059
f 1191/1294/1063 1192/1293/1064 1194/1295/1066 1193/1296/1065
f 1187/1296/1059 1189/1295/1061 1190/1297/1062 1188/1298/1060
f 1187/1298/1059 1188/1297/1060 1196/1299/1067 1195/1300/1067
f 1188/1298/1060 1192/1297/1064 1200/1299/1067 1196/1300/1067
f 1192/1298/1064 1191/1297/1063 1199/1299/1067 1200/1300/1067
f 1191/1298/1063 1187/1297/1059 1195/1299/1067 1199/1300/1067
f 1189/1298/1061 1197/1297/1068 1198/1299/1068 1190/1300/1062
f 1190/1298/1062 1198/1297/1068 1202/1299/1068 1194/1300/1066
f 1194/1298/1066 1202/1297/1068 1201/1299/1068 1193/1300/1065
f 1193/1298/1065 1201/1297/1068 1197/1299/1068 1189/1300/1061
f 1203/1301/1069 1204/1302/1070 1205/1303/1070 1206/1304/1069
f 1207/1301/1071 1210/1302/1071 1209/1303/1072 1208/1304/1072
f 1203/1301/1069 1206/1302/1069 1210/1303/1071 1207/1304/1071
f 1204/1301/1070 1208/1302/1072 1209/1303/1072 1205/1304/1070
f 1211/1301/1069 1212/1302/1070 1213/1303/1070 1214/1304/1069
f 1215/1301/1071 1218/1302/1071 1217/1303/1072 1216/1304/1072
f 1211/1301/1069 1214/1302/1069 1218/1303/1071 1215/1304/1071
f 1212/1301/1070 1216/1302/1072 1217/1303/1072 1213/1304/1070
f 1219/1301/1069 1220/1302/1070 1221/1303/1070 1222/1304/1069
f 1223/1301/1071 1226/1302/1071 1225/1303/1072 1224/1304/1072
f 1219/1301/1069 1222/1302/1069 1226/1303/1071 1223/1304/1071
f 1220/1301/1070 1224/1302/1072 1225/1303/1072 1221/1304/1070
f 1227/1301/1069 1228/1302/1070 1229/1303/1070 1230/1304/1069
f 1231/1301/1071 1234/1302/1071 1233/1303/1072 1232/1304/1072
f 1227/1301/1069 1230/1302/1069 1234/1303/1071 1231/1304/1071
f 1228/1301/1070 1232/1302/1072 1233/1303/1072 1229/1304/1070
f 1235/1301/1069 1236/1302/1070 1237/1303/1070 1238/1304/1069
f 1239/1301/1071 1242/1302/1071 1241/1303/1072 1240/1304/1072
f 1235/1301/1069 1238/1302/1069 1242/1303/1071 1239/1304/1071
f 1236/1301/1070 1240/1302/1072 1241/1303/1072 1237/1304/1070
f 1243/1301/1069 1244/1302/1070 1245/1303/1070 1246/1304/1069
f 1247/1301/1071 1250/1302/1071 1249/1303/1072 1248/1304/1072
f 1243/1301/1069 1246/1302/1069 1250/1303/1071 1247/1304/1071
f 1244/1301/1070 1248/1302/1072 1249/1303/1072 1245/1304/1070
f 1251/1301/1069 1252/1302/1070 1253/1303/1070 1254/1304/1069
f 1255/1301/1071 1258/1302/1071 1257/1303/1072 1256/1304/1072
f 1251/1301/1069 1254/1302/1069 1258/1303/1071 1255/1304/1071
f 1252/1301/1070 1256/1302/1072 1257/1303/1072 1253/1304/1070
f 1259/1305/1067 1261/1306/1073 1262/1307/1073 1260/1308/1067
f 1261/1305/1073 1263/1306/1074 1264/1307/1074 1262/1308/1073
f 1263/1305/1074 1265/1306/1075 1266/1307/1075 1264/1308/1074
f 1265/1305/1075 1267/1306/1076 1268/1307/1076 1266/1308/1075
f 1267/1305/1076 1269/1306/1077 1270/1307/1077 1268/1308/1076
f 1269/1305/1077 1271/1306/1068 1272/1307/1068 1270/1308/1077
f 1271/1305/1068 1273/1306/1078 1274/1307/1078 1272/1308/1068
f 1273/1305/1078 1275/1306/1079 1276/1307/1079 1274/1308/1078
f 1275/1305/1079 1277/1306/1080 1278/1307/1080 1276/1308/1079
f 1277/1305/1080 1279/1306/1081 1280/1307/1081 1278/1308/1080
f 1279/1305/1081 1281/1306/1082 1282/1307/1082 1280/1308/1081
f 1281/1305/1082 1259/1306/1067 1260/1307/1067 1282/1308/1082
o Warhead_Fin_Right
v -0.400000 4.663000 -0.110000
v -0.400000 4.663000 0.110000
v -0.400000 4.697000 -0.110000
v -0.400000 4.697000 0.110000
v -0.660000 4.663000 -0.110000
v -0.660000 4.663000 0.110000
v -0.660000 4.697000 -0.110000
v -0.660000 4.697000 0.110000
v -0.416000 4.663000 -0.094000
v -0.416000 4.663000 0.094000
v -0.416000 4.697000 -0.094000
v -0.416000 4.697000 0.094000
v -0.644000 4.663000 -0.094000
v -0.644000 4.663000 0.094000
v -0.644000 4.697000 -0.094000
v -0.644000 4.697000 0.094000
v -0.470000 4.663000 -0.094000
v -0.476000 4.663000 -0.094000
v -0.476000 4.663000 0.094000
v -0.470000 4.663000 0.094000
v -0.470000 4.697000 -0.094000
v -0.476000 4.697000 -0.094000
v -0.476000 4.697000 0.094000
v -0.470000 4.697000 0.094000
v -0.527000 4.663000 -0.094000
v -0.533000 4.663000 -0.094000
v -0.533000 4.663000 0.094000
v -0.527000 4.663000 0.094000
v -0.527000 4.697000 -0.094000
v -0.533000 4.697000 -0.094000
v -0.533000 4.697000 0.094000
v -0.527000 4.697000 0.094000
v -0.584000 4.663000 -0.094000
v -0.590000 4.663000 -0.094000
v -0.590000 4.663000 0.094000
v -0.584000 4.663000 0.094000
v -0.584000 4.697000 -0.094000
v -0.590000 4.697000 -0.094000
v -0.590000 4.697000 0.094000
v -0.584000 4.697000 0.094000
v -0.416000 4.663000 -0.059400
v -0.644000 4.663000 -0.059400
v -0.644000 4.663000 -0.053400
v -0.416000 4.663000 -0.053400
v -0.416000 4.697000 -0.059400
v -0.644000 4.697000 -0.059400
v -0.644000 4.697000 -0.053400
v -0.416000 4.697000 -0.053400
v -0.416000 4.663000 -0.021800
v -0.644000 4.663000 -0.021800
v -0.644000 4.663000 -0.015800
v -0.416000 4.663000 -0.015800
v -0.416000 4.697000 -0.021800
v -0.644000 4.697000 -0.021800
v -0.644000 4.697000 -0.015800
v -0.416000 4.697000 -0.015800
v -0.416000 4.663000 0.015800
v -0.644000 4.663000 0.015800
v -0.644000 4.663000 0.021800
v -0.416000 4.663000 0.021800
v -0.416000 4.697000 0.015800
v -0.644000 4.697000 0.015800
v -0.644000 4.697000 0.021800
v -0.416000 4.697000 0.021800
v -0.416000 4.663000 0.053400
v -0.644000 4.663000 0.053400
v -0.644000 4.663000 0.059400
v -0.416000 4.663000 0.059400
v -0.416000 4.697000 0.053400
v -0.644000 4.697000 0.053400
v -0.644000 4.697000 0.059400
v -0.416000 4.697000 0.059400
v -0.380000 4.698000 0.000000
v -0.410000 4.698000 0.000000
v -0.380000 4.695588 0.009000
v -0.410000 4.695588 0.009000
v -0.380000 4.689000 0.015588
v -0.410000 4.689000 0.015588
v -0.380000 4.680000 0.018000
v -0.410000 4.680000 0.018000
v -0.380000 4.671000 0.015588
v -0.410000 4.671000 0.015588
v -0.380000 4.664412 0.009000
v -0.410000 4.664412 0.009000
v -0.380000 4.662000 0.000000
v -0.410000 4.662000 0.000000
v -0.380000 4.664412 -0.009000
v -0.410000 4.664412 -0.009000
v -0.380000 4.671000 -0.015588
v -0.410000 4.671000 -0.015588
v -0.380000 4.680000 -0.018000
v -0.410000 4.680000 -0.018000
v -0.380000 4.689000 -0.015588
v -0.410000 4.689000 -0.015588
v -0.380000 4.695588 -0.009000
v -0.410000 4.695588 -0.009000
vn 0.5773 -0.5774 0.5773
vn 0.5773 -0.5774 -0.5773
vn 0.5773 0.5774 0.5773
vn 0.5773 0.5774 -0.5773
vn -0.5773 -0.5774 0.5773
vn -0.5773 -0.5774 -0.5773
vn -0.5773 0.5774 0.5773
vn -0.5773 0.5774 -0.5773
vn -0.0000 -1.0000 -0.0000
vn -0.0000 1.0000 -0.0000
vn -0.7071 0.7071 -0.0000
vn 0.7071 0.7071 -0.0000
vn -0.7071 -0.7071 -0.0000
vn 0.7071 -0.7071 -0.0000
vn -0.0000 -0.8660 -0.5000
vn -0.0000 -0.5000 -0.8660
vn -0.0000 -0.0000 -1.0000
vn -0.0000 0.5000 -0.8660
vn -0.0000 0.8660 -0.5000
vn -0.0000 0.8660 0.5000
vn -0.0000 0.5000 0.8660
vn -0.0000 -0.0000 1.0000
vn -0.0000 -0.5000 0.8660
vn -0.0000 -0.8660 0.5000
vt 0.860000 0.500000
vt 0.980000 0.500000
vt 0.980000 0.550000
vt 0.860000 0.550000
vt 0.980000 0.600000
vt 0.860000 0.600000
vt 0.980000 0.650000
vt 0.860000 0.650000
vt 0.980000 0.700000
vt 0.860000 0.700000
vt 0.980000 0.850000
vt 0.860000 0.850000
vt 0.870000 0.720000
vt 0.970000 0.720000
vt 0.970000 0.880000
vt 0.870000 0.880000
vt 0.880000 0.650000
vt 0.920000 0.650000
vt 0.920000 0.700000
vt 0.880000 0.700000
s 1
usemtl M_Kh47M2_Kinzhal
f 1284/1309/1084 1288/1310/1088 1290/1311/1090 1286/1312/1086
f 1285/1312/1085 1289/1311/1089 1287/1313/1087 1283/1314/1083
f 1287/1314/1087 1288/1313/1088 1290/1315/1090 1289/1316/1089
f 1283/1316/1083 1285/1315/1085 1286/1317/1086 1284/1318/1084
f 1283/1318/1083 1284/1317/1084 1292/1319/1091 1291/1320/1091
f 1284/1318/1084 1288/1317/1088 1296/1319/1091 1292/1320/1091
f 1288/1318/1088 1287/1317/1087 1295/1319/1091 1296/1320/1091
f 1287/1318/1087 1283/1317/1083 1291/1319/1091 1295/1320/1091
f 1285/1318/1085 1293/1317/1092 1294/1319/1092 1286/1320/1086
f 1286/1318/1086 1294/1317/1092 1298/1319/1092 1290/1320/1090
f 1290/1318/1090 1298/1317/1092 1297/1319/1092 1289/1320/1089
f 1289/1318/1089 1297/1317/1092 1293/1319/1092 1285/1320/1085
f 1299/1321/1093 1300/1322/1094 1301/1323/1094 1302/1324/1093
f 1303/1321/1095 1306/1322/1095 1305/1323/1096 1304/1324/1096
f 1299/1321/1093 1302/1322/1093 1306/1323/1095 1303/1324/1095
f 1300/1321/1094 1304/1322/1096 1305/1323/1096 1301/1324/1094
f 1307/1321/1093 1308/1322/1094 1309/1323/1094 1310/1324/1093
f 1311/1321/1095 1314/1322/1095 1313/1323/1096 1312/1324/1096
f 1307/1321/1093 1310/1322/1093 1314/1323/1095 1311/1324/1095
f 1308/1321/1094 1312/1322/1096 1313/1323/1096 1309/1324/1094
f 1315/1321/1093 1316/1322/1094 1317/1323/1094 1318/1324/1093
f 1319/1321/1095 1322/1322/1095 1321/1323/1096 1320/1324/1096
f 1315/1321/1093 1318/1322/1093 1322/1323/1095 1319/1324/1095
f 1316/1321/1094 1320/1322/1096 1321/1323/1096 1317/1324/1094
f 1323/1321/1093 1324/1322/1094 1325/1323/1094 1326/1324/1093
f 1327/1321/1095 1330/1322/1095 1329/1323/1096 1328/1324/1096
f 1323/1321/1093 1326/1322/1093 1330/1323/1095 1327/1324/1095
f 1324/1321/1094 1328/1322/1096 1329/1323/1096 1325/1324/1094
f 1331/1321/1093 1332/1322/1094 1333/1323/1094 1334/1324/1093
f 1335/1321/1095 1338/1322/1095 1337/1323/1096 1336/1324/1096
f 1331/1321/1093 1334/1322/1093 1338/1323/1095 1335/1324/1095
f 1332/1321/1094 1336/1322/1096 1337/1323/1096 1333/1324/1094
f 1339/1321/1093 1340/1322/1094 1341/1323/1094 1342/1324/1093
f 1343/1321/1095 1346/1322/1095 1345/1323/1096 1344/1324/1096
f 1339/1321/1093 1342/1322/1093 1346/1323/1095 1343/1324/1095
f 1340/1321/1094 1344/1322/1096 1345/1323/1096 1341/1324/1094
f 1347/1321/1093 1348/1322/1094 1349/1323/1094 1350/1324/1093
f 1351/1321/1095 1354/1322/1095 1353/1323/1096 1352/1324/1096
f 1347/1321/1093 1350/1322/1093 1354/1323/1095 1351/1324/1095
f 1348/1321/1094 1352/1322/1096 1353/1323/1096 1349/1324/1094
f 1355/1325/1091 1357/1326/1097 1358/1327/1097 1356/1328/1091
f 1357/1325/1097 1359/1326/1098 1360/1327/1098 1358/1328/1097
f 1359/1325/1098 1361/1326/1099 1362/1327/1099 1360/1328/1098
f 1361/1325/1099 1363/1326/1100 1364/1327/1100 1362/1328/1099
f 1363/1325/1100 1365/1326/1101 1366/1327/1101 1364/1328/1100
f 1365/1325/1101 1367/1326/1092 1368/1327/1092 1366/1328/1101
f 1367/1325/1092 1369/1326/1102 1370/1327/1102 1368/1328/1092
f 1369/1325/1102 1371/1326/1103 1372/1327/1103 1370/1328/1102
f 1371/1325/1103 1373/1326/1104 1374/1327/1104 1372/1328/1103
f 1373/1325/1104 1375/1326/1105 1376/1327/1105 1374/1328/1104
f 1375/1325/1105 1377/1326/1106 1378/1327/1106 1376/1328/1105
f 1377/1325/1106 1355/1326/1091 1356/1327/1091 1378/1328/1106
o Warhead_Fin_Bottom
v 0.110000 4.663000 -0.400000
v -0.110000 4.663000 -0.400000
v 0.110000 4.697000 -0.400000
v -0.110000 4.697000 -0.400000
v 0.110000 4.663000 -0.660000
v -0.110000 4.663000 -0.660000
v 0.110000 4.697000 -0.660000
v -0.110000 4.697000 -0.660000
v 0.094000 4.663000 -0.416000
v -0.094000 4.663000 -0.416000
v 0.094000 4.697000 -0.416000
v -0.094000 4.697000 -0.416000
v 0.094000 4.663000 -0.644000
v -0.094000 4.663000 -0.644000
v 0.094000 4.697000 -0.644000
v -0.094000 4.697000 -0.644000
v 0.094000 4.663000 -0.470000
v 0.094000 4.663000 -0.476000
v -0.094000 4.663000 -0.476000
v -0.094000 4.663000 -0.470000
v 0.094000 4.697000 -0.470000
v 0.094000 4.697000 -0.476000
v -0.094000 4.697000 -0.476000
v -0.094000 4.697000 -0.470000
v 0.094000 4.663000 -0.527000
v 0.094000 4.663000 -0.533000
v -0.094000 4.663000 -0.533000
v -0.094000 4.663000 -0.527000
v 0.094000 4.697000 -0.527000
v 0.094000 4.697000 -0.533000
v -0.094000 4.697000 -0.533000
v -0.094000 4.697000 -0.527000
v 0.094000 4.663000 -0.584000
v 0.094000 4.663000 -0.590000
v -0.094000 4.663000 -0.590000
v -0.094000 4.663000 -0.584000
v 0.094000 4.697000 -0.584000
v 0.094000 4.697000 -0.590000
v -0.094000 4.697000 -0.590000
v -0.094000 4.697000 -0.584000
v 0.059400 4.663000 -0.416000
v 0.059400 4.663000 -0.644000
v 0.053400 4.663000 -0.644000
v 0.053400 4.663000 -0.416000
v 0.059400 4.697000 -0.416000
v 0.059400 4.697000 -0.644000
v 0.053400 4.697000 -0.644000
v 0.053400 4.697000 -0.416000
v 0.021800 4.663000 -0.416000
v 0.021800 4.663000 -0.644000
v 0.015800 4.663000 -0.644000
v 0.015800 4.663000 -0.416000
v 0.021800 4.697000 -0.416000
v 0.021800 4.697000 -0.644000
v 0.015800 4.697000 -0.644000
v 0.015800 4.697000 -0.416000
v -0.015800 4.663000 -0.416000
v -0.015800 4.663000 -0.644000
v -0.021800 4.663000 -0.644000
v -0.021800 4.663000 -0.416000
v -0.015800 4.697000 -0.416000
v -0.015800 4.697000 -0.644000
v -0.021800 4.697000 -0.644000
v -0.021800 4.697000 -0.416000
v -0.053400 4.663000 -0.416000
v -0.053400 4.663000 -0.644000
v -0.059400 4.663000 -0.644000
v -0.059400 4.663000 -0.416000
v -0.053400 4.697000 -0.416000
v -0.053400 4.697000 -0.644000
v -0.059400 4.697000 -0.644000
v -0.059400 4.697000 -0.416000
v 0.000000 4.698000 -0.380000
v 0.000000 4.698000 -0.410000
v -0.009000 4.695588 -0.380000
v -0.009000 4.695588 -0.410000
v -0.015588 4.689000 -0.380000
v -0.015588 4.689000 -0.410000
v -0.018000 4.680000 -0.380000
v -0.018000 4.680000 -0.410000
v -0.015588 4.671000 -0.380000
v -0.015588 4.671000 -0.410000
v -0.009000 4.664412 -0.380000
v -0.009000 4.664412 -0.410000
v -0.000000 4.662000 -0.380000
v 0.000000 4.662000 -0.410000
v 0.009000 4.664412 -0.380000
v 0.009000 4.664412 -0.410000
v 0.015588 4.671000 -0.380000
v 0.015588 4.671000 -0.410000
v 0.018000 4.680000 -0.380000
v 0.018000 4.680000 -0.410000
v 0.015588 4.689000 -0.380000
v 0.015588 4.689000 -0.410000
v 0.009000 4.695588 -0.380000
v 0.009000 4.695588 -0.410000
vn -0.5773 -0.5774 0.5773
vn 0.5773 -0.5774 0.5773
vn -0.5773 0.5774 0.5773
vn 0.5773 0.5774 0.5773
vn -0.5773 -0.5774 -0.5773
vn 0.5773 -0.5774 -0.5773
vn -0.5773 0.5774 -0.5773
vn 0.5773 0.5774 -0.5773
vn -0.0000 -1.0000 -0.0000
vn -0.0000 1.0000 -0.0000
vn -0.0000 0.7071 -0.7071
vn -0.0000 0.7071 0.7071
vn -0.0000 -0.7071 -0.7071
vn -0.0000 -0.7071 0.7071
vn 0.5000 -0.8660 -0.0000
vn 0.8660 -0.5000 -0.0000
vn 1.0000 -0.0000 -0.0000
vn 0.8660 0.5000 -0.0000
vn 0.5000 0.8660 -0.0000
vn -0.5000 0.8660 -0.0000
vn -0.8660 0.5000 -0.0000
vn -1.0000 -0.0000 -0.0000
vn -0.8660 -0.5000 -0.0000
vn -0.5000 -0.8660 -0.0000
vt 0.860000 0.500000
vt 0.980000 0.500000
vt 0.980000 0.550000
vt 0.860000 0.550000
vt 0.980000 0.600000
vt 0.860000 0.600000
vt 0.980000 0.650000
vt 0.860000 0.650000
vt 0.980000 0.700000
vt 0.860000 0.700000
vt 0.980000 0.850000
vt 0.860000 0.850000
vt 0.870000 0.720000
vt 0.970000 0.720000
vt 0.970000 0.880000
vt 0.870000 0.880000
vt 0.880000 0.650000
vt 0.920000 0.650000
vt 0.920000 0.700000
vt 0.880000 0.700000
s 1
usemtl M_Kh47M2_Kinzhal
f 1380/1329/1108 1384/1330/1112 1386/1331/1114 1382/1332/1110
f 1381/1332/1109 1385/1331/1113 1383/1333/1111 1379/1334/1107
f 1383/1334/1111 1384/1333/1112 1386/1335/1114 1385/1336/1113
f 1379/1336/1107 1381/1335/1109 1382/1337/1110 1380/1338/1108
f 1379/1338/1107 1380/1337/1108 1388/1339/1115 1387/1340/1115
f 1380/1338/1108 1384/1337/1112 1392/1339/1115 1388/1340/1115
f 1384/1338/1112 1383/1337/1111 1391/1339/1115 1392/1340/1115
f 1383/1338/1111 1379/1337/1107 1387/1339/1115 1391/1340/1115
f 1381/1338/1109 1389/1337/1116 1390/1339/1116 1382/1340/1110
f 1382/1338/1110 1390/1337/1116 1394/1339/1116 1386/1340/1114
f 1386/1338/1114 1394/1337/1116 1393/1339/1116 1385/1340/1113
f 1385/1338/1113 1393/1337/1116 1389/1339/1116 1381/1340/1109
f 1395/1341/1117 1396/1342/1118 1397/1343/1118 1398/1344/1117
f 1399/1341/1119 1402/1342/1119 1401/1343/1120 1400/1344/1120
f 1395/1341/1117 1398/1342/1117 1402/1343/1119 1399/1344/1119
f 1396/1341/1118 1400/1342/1120 1401/1343/1120 1397/1344/1118
f 1403/1341/1117 1404/1342/1118 1405/1343/1118 1406/1344/1117
f 1407/1341/1119 1410/1342/1119 1409/1343/1120 1408/1344/1120
f 1403/1341/1117 1406/1342/1117 1410/1343/1119 1407/1344/1119
f 1404/1341/1118 1408/1342/1120 1409/1343/1120 1405/1344/1118
f 1411/1341/1117 1412/1342/1118 1413/1343/1118 1414/1344/1117
f 1415/1341/1119 1418/1342/1119 1417/1343/1120 1416/1344/1120
f 1411/1341/1117 1414/1342/1117 1418/1343/1119 1415/1344/1119
f 1412/1341/1118 1416/1342/1120 1417/1343/1120 1413/1344/1118
f 1419/1341/1117 1420/1342/1118 1421/1343/1118 1422/1344/1117
f 1423/1341/1119 1426/1342/1119 1425/1343/1120 1424/1344/1120
f 1419/1341/1117 1422/1342/1117 1426/1343/1119 1423/1344/1119
f 1420/1341/1118 1424/1342/1120 1425/1343/1120 1421/1344/1118
f 1427/1341/1117 1428/1342/1118 1429/1343/1118 1430/1344/1117
f 1431/1341/1119 1434/1342/1119 1433/1343/1120 1432/1344/1120
f 1427/1341/1117 1430/1342/1117 1434/1343/1119 1431/1344/1119
f 1428/1341/1118 1432/1342/1120 1433/1343/1120 1429/1344/1118
f 1435/1341/1117 1436/1342/1118 1437/1343/1118 1438/1344/1117
f 1439/1341/1119 1442/1342/1119 1441/1343/1120 1440/1344/1120
f 1435/1341/1117 1438/1342/1117 1442/1343/1119 1439/1344/1119
f 1436/1341/1118 1440/1342/1120 1441/1343/1120 1437/1344/1118
f 1443/1341/1117 1444/1342/1118 1445/1343/1118 1446/1344/1117
f 1447/1341/1119 1450/1342/1119 1449/1343/1120 1448/1344/1120
f 1443/1341/1117 1446/1342/1117 1450/1343/1119 1447/1344/1119
f 1444/1341/1118 1448/1342/1120 1449/1343/1120 1445/1344/1118
f 1451/1345/1115 1453/1346/1121 1454/1347/1121 1452/1348/1115
f 1453/1345/1121 1455/1346/1122 1456/1347/1122 1454/1348/1121
f 1455/1345/1122 1457/1346/1123 1458/1347/1123 1456/1348/1122
f 1457/1345/1123 1459/1346/1124 1460/1347/1124 1458/1348/1123
f 1459/1345/1124 1461/1346/1125 1462/1347/1125 1460/1348/1124
f 1461/1345/1125 1463/1346/1116 1464/1347/1116 1462/1348/1125
f 1463/1345/1116 1465/1346/1126 1466/1347/1126 1464/1348/1116
f 1465/1345/1126 1467/1346/1127 1468/1347/1127 1466/1348/1126
f 1467/1345/1127 1469/1346/1128 1470/1347/1128 1468/1348/1127
f 1469/1345/1128 1471/1346/1129 1472/1347/1129 1470/1348/1128
f 1471/1345/1129 1473/1346/1130 1474/1347/1130 1472/1348/1129
f 1473/1345/1130 1451/1346/1115 1452/1347/1115 1474/1348/1130
o Warhead_Fin_Left
v 0.400000 4.663000 0.110000
v 0.400000 4.663000 -0.110000
v 0.400000 4.697000 0.110000
v 0.400000 4.697000 -0.110000
v 0.660000 4.663000 0.110000
v 0.660000 4.663000 -0.110000
v 0.660000 4.697000 0.110000
v 0.660000 4.697000 -0.110000
v 0.416000 4.663000 0.094000
v 0.416000 4.663000 -0.094000
v 0.416000 4.697000 0.094000
v 0.416000 4.697000 -0.094000
v 0.644000 4.663000 0.094000
v 0.644000 4.663000 -0.094000
v 0.644000 4.697000 0.094000
v 0.644000 4.697000 -0.094000
v 0.470000 4.663000 0.094000
v 0.476000 4.663000 0.094000
v 0.476000 4.663000 -0.094000
v 0.470000 4.663000 -0.094000
v 0.470000 4.697000 0.094000
v 0.476000 4.697000 0.094000
v 0.476000 4.697000 -0.094000
v 0.470000 4.697000 -0.094000
v 0.527000 4.663000 0.094000
v 0.533000 4.663000 0.094000
v 0.533000 4.663000 -0.094000
v 0.527000 4.663000 -0.094000
v 0.527000 4.697000 0.094000
v 0.533000 4.697000 0.094000
v 0.533000 4.697000 -0.094000
v 0.527000 4.697000 -0.094000
v 0.584000 4.663000 0.094000
v 0.590000 4.663000 0.094000
v 0.590000 4.663000 -0.094000
v 0.584000 4.663000 -0.094000
v 0.584000 4.697000 0.094000
v 0.590000 4.697000 0.094000
v 0.590000 4.697000 -0.094000
v 0.584000 4.697000 -0.094000
v 0.416000 4.663000 0.059400
v 0.644000 4.663000 0.059400
v 0.644000 4.663000 0.053400
v 0.416000 4.663000 0.053400
v 0.416000 4.697000 0.059400
v 0.644000 4.697000 0.059400
v 0.644000 4.697000 0.053400
v 0.416000 4.697000 0.053400
v 0.416000 4.663000 0.021800
v 0.644000 4.663000 0.021800
v 0.644000 4.663000 0.015800
v 0.416000 4.663000 0.015800
v 0.416000 4.697000 0.021800
v 0.644000 4.697000 0.021800
v 0.644000 4.697000 0.015800
v 0.416000 4.697000 0.015800
v 0.416000 4.663000 -0.015800
v 0.644000 4.663000 -0.015800
v 0.644000 4.663000 -0.021800
v 0.416000 4.663000 -0.021800
v 0.416000 4.697000 -0.015800
v 0.644000 4.697000 -0.015800
v 0.644000 4.697000 -0.021800
v 0.416000 4.697000 -0.021800
v 0.416000 4.663000 -0.053400
v 0.644000 4.663000 -0.053400
v 0.644000 4.663000 -0.059400
v 0.416000 4.663000 -0.059400
v 0.416000 4.697000 -0.053400
v 0.644000 4.697000 -0.053400
v 0.644000 4.697000 -0.059400
v 0.416000 4.697000 -0.059400
v 0.380000 4.698000 0.000000
v 0.410000 4.698000 -0.000000
v 0.380000 4.695588 -0.009000
v 0.410000 4.695588 -0.009000
v 0.380000 4.689000 -0.015588
v 0.410000 4.689000 -0.015588
v 0.380000 4.680000 -0.018000
v 0.410000 4.680000 -0.018000
v 0.380000 4.671000 -0.015588
v 0.410000 4.671000 -0.015588
v 0.380000 4.664412 -0.009000
v 0.410000 4.664412 -0.009000
v 0.380000 4.662000 -0.000000
v 0.410000 4.662000 -0.000000
v 0.380000 4.664412 0.009000
v 0.410000 4.664412 0.009000
v 0.380000 4.671000 0.015588
v 0.410000 4.671000 0.015588
v 0.380000 4.680000 0.018000
v 0.410000 4.680000 0.018000
v 0.380000 4.689000 0.015588
v 0.410000 4.689000 0.015588
v 0.380000 4.695588 0.009000
v 0.410000 4.695588 0.009000
vn -0.5773 -0.5774 -0.5773
vn -0.5773 -0.5774 0.5773
vn -0.5773 0.5774 -0.5773
vn -0.5773 0.5774 0.5773
vn 0.5773 -0.5774 -0.5773
vn 0.5773 -0.5774 0.5773
vn 0.5773 0.5774 -0.5773
vn 0.5773 0.5774 0.5773
vn -0.0000 -1.0000 -0.0000
vn -0.0000 1.0000 -0.0000
vn 0.7071 0.7071 -0.0000
vn -0.7071 0.7071 -0.0000
vn 0.7071 -0.7071 -0.0000
vn -0.7071 -0.7071 -0.0000
vn -0.0000 -0.8660 0.5000
vn -0.0000 -0.5000 0.8660
vn -0.0000 -0.0000 1.0000
vn -0.0000 0.5000 0.8660
vn -0.0000 0.8660 0.5000
vn -0.0000 0.8660 -0.5000
vn -0.0000 0.5000 -0.8660
vn -0.0000 -0.0000 -1.0000
vn -0.0000 -0.5000 -0.8660
vn -0.0000 -0.8660 -0.5000
vt 0.860000 0.500000
vt 0.980000 0.500000
vt 0.980000 0.550000
vt 0.860000 0.550000
vt 0.980000 0.600000
vt 0.860000 0.600000
vt 0.980000 0.650000
vt 0.860000 0.650000
vt 0.980000 0.700000
vt 0.860000 0.700000
vt 0.980000 0.850000
vt 0.860000 0.850000
vt 0.870000 0.720000
vt 0.970000 0.720000
vt 0.970000 0.880000
vt 0.870000 0.880000
vt 0.880000 0.650000
vt 0.920000 0.650000
vt 0.920000 0.700000
vt 0.880000 0.700000
s 1
usemtl M_Kh47M2_Kinzhal
f 1476/1349/1132 1480/1350/1136 1482/1351/1138 1478/1352/1134
f 1477/1352/1133 1481/1351/1137 1479/1353/1135 1475/1354/1131
f 1479/1354/1135 1480/1353/1136 1482/1355/1138 1481/1356/1137
f 1475/1356/1131 1477/1355/1133 1478/1357/1134 1476/1358/1132
f 1475/1358/1131 1476/1357/1132 1484/1359/1139 1483/1360/1139
f 1476/1358/1132 1480/1357/1136 1488/1359/1139 1484/1360/1139
f 1480/1358/1136 1479/1357/1135 1487/1359/1139 1488/1360/1139
f 1479/1358/1135 1475/1357/1131 1483/1359/1139 1487/1360/1139
f 1477/1358/1133 1485/1357/1140 1486/1359/1140 1478/1360/1134
f 1478/1358/1134 1486/1357/1140 1490/1359/1140 1482/1360/1138
f 1482/1358/1138 1490/1357/1140 1489/1359/1140 1481/1360/1137
f 1481/1358/1137 1489/1357/1140 1485/1359/1140 1477/1360/1133
f 1491/1361/1141 1492/1362/1142 1493/1363/1142 1494/1364/1141
f 1495/1361/1143 1498/1362/1143 1497/1363/1144 1496/1364/1144
f 1491/1361/1141 1494/1362/1141 1498/1363/1143 1495/1364/1143
f 1492/1361/1142 1496/1362/1144 1497/1363/1144 1493/1364/1142
f 1499/1361/1141 1500/1362/1142 1501/1363/1142 1502/1364/1141
f 1503/1361/1143 1506/1362/1143 1505/1363/1144 1504/1364/1144
f 1499/1361/1141 1502/1362/1141 1506/1363/1143 1503/1364/1143
f 1500/1361/1142 1504/1362/1144 1505/1363/1144 1501/1364/1142
f 1507/1361/1141 1508/1362/1142 1509/1363/1142 1510/1364/1141
f 1511/1361/1143 1514/1362/1143 1513/1363/1144 1512/1364/1144
f 1507/1361/1141 1510/1362/1141 1514/1363/1143 1511/1364/1143
f 1508/1361/1142 1512/1362/1144 1513/1363/1144 1509/1364/1142
f 1515/1361/1141 1516/1362/1142 1517/1363/1142 1518/1364/1141
f 1519/1361/1143 1522/1362/1143 1521/1363/1144 1520/1364/1144
f 1515/1361/1141 1518/1362/1141 1522/1363/1143 1519/1364/1143
f 1516/1361/1142 1520/1362/1144 1521/1363/1144 1517/1364/1142
f 1523/1361/1141 1524/1362/1142 1525/1363/1142 1526/1364/1141
f 1527/1361/1143 1530/1362/1143 1529/1363/1144 1528/1364/1144
f 1523/1361/1141 1526/1362/1141 1530/1363/1143 1527/1364/1143
f 1524/1361/1142 1528/1362/1144 1529/1363/1144 1525/1364/1142
f 1531/1361/1141 1532/1362/1142 1533/1363/1142 1534/1364/1141
f 1535/1361/1143 1538/1362/1143 1537/1363/1144 1536/1364/1144
f 1531/1361/1141 1534/1362/1141 1538/1363/1143 1535/1364/1143
f 1532/1361/1142 1536/1362/1144 1537/1363/1144 1533/1364/1142
f 1539/1361/1141 1540/1362/1142 1541/1363/1142 1542/1364/1141
f 1543/1361/1143 1546/1362/1143 1545/1363/1144 1544/1364/1144
f 1539/1361/1141 1542/1362/1141 1546/1363/1143 1543/1364/1143
f 1540/1361/1142 1544/1362/1144 1545/1363/1144 1541/1364/1142
f 1547/1365/1139 1549/1366/1145 1550/1367/1145 1548/1368/1139
f 1549/1365/1145 1551/1366/1146 1552/1367/1146 1550/1368/1145
f 1551/1365/1146 1553/1366/1147 1554/1367/1147 1552/1368/1146
f 1553/1365/1147 1555/1366/1148 1556/1367/1148 1554/1368/1147
f 1555/1365/1148 1557/1366/1149 1558/1367/1149 1556/1368/1148
f 1557/1365/1149 1559/1366/1140 1560/1367/1140 1558/1368/1149
f 1559/1365/1140 1561/1366/1150 1562/1367/1150 1560/1368/1140
f 1561/1365/1150 1563/1366/1151 1564/1367/1151 1562/1368/1150
f 1563/1365/1151 1565/1366/1152 1566/1367/1152 1564/1368/1151
f 1565/1365/1152 1567/1366/1153 1568/1367/1153 1566/1368/1152
f 1567/1365/1153 1569/1366/1154 1570/1367/1154 1568/1368/1153
f 1569/1365/1154 1547/1366/1139 1548/1367/1139 1570/1368/1154
